task,send_time_s,latency_ms,phase
ecgclass,0.0000,280.967,1
ecgclass,0.1211,207.889,1
ecgclass,0.2384,90.662,1
ecgclass,0.3564,56.980,1
ecgclass,0.3710,42.323,1
ecgclass,0.3752,38.353,1
ecgclass,0.4477,31.518,1
ecgclass,0.5183,31.059,1
ecgclass,0.6743,42.086,1
ecgclass,0.6786,37.852,1
ecgclass,0.7305,36.423,1
ecgclass,0.7338,33.133,1
ecgclass,0.7885,22.279,1
ecgclass,0.8753,36.196,1
ecgclass,0.8952,16.301,1
ecgclass,0.9574,42.505,1
ecgclass,0.9637,36.192,1
ecgclass,0.9689,30.977,1
ecgclass,0.9841,35.977,1
ecgclass,1.0302,35.908,1
ecgclass,1.0495,16.595,1
ecgclass,1.1119,36.237,1
ecgclass,1.1231,24.980,1
ecgclass,1.2155,30.704,1
ecgclass,1.2773,30.895,1
ecgclass,1.3093,24.849,1
ecgclass,1.3305,36.524,1
ecgclass,1.3535,41.940,1
ecgclass,1.3567,38.767,1
ecgclass,1.3669,28.542,1
ecgclass,1.4005,27.161,1
ecgclass,1.4198,35.995,1
ecgclass,1.4829,36.273,1
ecgclass,1.5188,40.179,1
ecgclass,1.5302,28.721,1
ecgclass,1.5535,31.159,1
ecgclass,1.5857,35.869,1
ecgclass,1.6030,18.628,1
ecgclass,1.6182,30.061,1
ecgclass,1.6624,36.220,1
ecgclass,1.6777,20.901,1
ecgclass,1.7450,22.223,1
ecgclass,1.8137,39.624,1
ecgclass,1.8675,42.146,1
ecgclass,1.8718,37.854,1
ecgclass,1.9287,30.556,1
ecgclass,1.9957,30.795,1
ecgclass,2.0521,36.082,1
ecgclass,2.0663,21.844,1
ecgclass,2.0816,41.430,1
ecgclass,2.0902,32.820,1
ecgclass,2.1086,42.264,1
ecgclass,2.1086,42.259,1
ecgclass,2.1189,31.975,1
ecgclass,2.1828,30.795,1
ecgclass,2.3829,26.693,1
ecgclass,2.4107,35.982,1
ecgclass,2.4249,22.125,1
ecgclass,2.4452,41.551,1
ecgclass,2.4634,23.555,1
ecgclass,2.4696,35.685,1
ecgclass,2.5244,36.170,1
ecgclass,2.5926,30.944,1
ecgclass,2.6683,30.477,1
ecgclass,2.9340,30.874,1
ecgclass,3.0387,35.864,1
ecgclass,3.1225,30.503,1
ecgclass,3.1731,30.605,1
ecgclass,3.2026,41.462,1
ecgclass,3.2048,39.284,1
ecgclass,3.2542,30.641,1
ecgclass,3.2845,36.298,1
ecgclass,3.3593,30.365,1
ecgclass,3.4608,41.831,1
ecgclass,3.4780,24.844,1
ecgclass,3.4803,22.628,1
ecgclass,3.5260,30.579,1
ecgclass,3.6544,39.827,1
ecgclass,3.6953,30.603,1
ecgclass,3.8031,36.608,1
ecgclass,3.8395,30.637,1
ecgclass,3.9052,42.196,1
ecgclass,3.9196,27.772,1
ecgclass,3.9259,53.644,1
ecgclass,3.9331,46.495,1
ecgclass,3.9394,40.240,1
ecgclass,3.9418,37.865,1
ecgclass,4.0275,29.443,1
ecgclass,4.0499,48.911,1
ecgclass,4.0689,29.963,1
ecgclass,4.1160,42.816,1
ecgclass,4.1255,33.278,1
ecgclass,4.2213,21.223,1
ecgclass,4.2860,35.890,1
ecgclass,4.3022,19.737,1
ecgclass,4.3124,30.830,1
ecgclass,4.3390,41.874,1
ecgclass,4.3543,26.523,1
ecgclass,4.3576,23.275,1
ecgclass,4.3829,30.437,1
ecgclass,4.4959,35.784,1
ecgclass,4.5470,21.812,1
ecgclass,4.7002,31.213,1
ecgclass,4.8036,31.279,1
ecgclass,4.8590,30.782,1
ecgclass,4.9511,30.390,1
ecgclass,4.9875,22.810,1
ecgclass,5.0404,35.953,1
ecgclass,5.0598,16.622,1
ecgclass,5.0710,30.028,1
ecgclass,5.1782,47.387,1
ecgclass,5.1848,40.749,1
ecgclass,5.1942,31.341,1
ecgclass,5.2104,35.353,1
ecgclass,5.2599,36.064,1
ecgclass,5.2791,16.814,1
ecgclass,5.3133,20.781,1
ecgclass,5.4217,30.853,1
ecgclass,5.4987,36.730,1
ecgclass,5.5570,26.473,1
ecgclass,5.5652,29.975,1
ecgclass,5.6246,16.600,1
ecgclass,5.6473,35.448,1
ecgclass,5.6535,29.217,1
ecgclass,5.6737,35.725,1
ecgclass,5.6770,32.503,1
ecgclass,5.7228,29.940,1
ecgclass,5.7720,26.529,1
ecgclass,5.7876,37.861,1
ecgclass,5.7889,36.660,1
ecgclass,5.9251,38.256,1
ecgclass,5.9655,36.148,1
ecgclass,6.0400,47.698,1
ecgclass,6.0572,30.655,1
ecgclass,6.1414,17.388,1
ecgclass,6.2232,35.603,1
ecgclass,6.2284,30.347,1
ecgclass,6.4998,34.562,1
ecgclass,6.5330,35.489,1
ecgclass,6.6033,36.747,1
ecgclass,6.6156,24.487,1
ecgclass,6.6645,21.820,1
ecgclass,6.6787,36.361,1
ecgclass,6.7597,30.726,1
ecgclass,6.7830,30.811,1
ecgclass,6.8219,35.884,1
ecgclass,6.8486,32.571,1
ecgclass,6.8863,36.598,1
ecgclass,6.9098,35.511,1
ecgclass,6.9400,36.407,1
ecgclass,6.9412,35.167,1
ecgclass,7.0205,31.178,1
ecgclass,7.1467,30.938,1
ecgclass,7.1751,30.311,1
ecgclass,7.3463,37.291,1
ecgclass,7.3537,29.847,1
ecgclass,7.4943,41.940,1
ecgclass,7.5128,23.594,1
ecgclass,7.5447,30.511,1
ecgclass,7.6673,42.767,1
ecgclass,7.6737,36.417,1
ecgclass,7.6839,26.207,1
ecgclass,7.7498,35.415,1
ecgclass,7.7993,36.406,1
ecgclass,7.8136,22.094,1
ecgclass,7.8355,42.395,1
ecgclass,7.8732,30.406,1
ecgclass,7.9678,52.022,1
ecgclass,7.9859,33.926,1
ecgclass,8.0240,42.029,1
ecgclass,8.0423,23.789,1
ecgclass,8.0567,24.416,1
ecgclass,8.1642,37.190,1
ecgclass,8.1912,31.559,1
ecgclass,8.2599,36.531,1
ecgclass,8.2742,22.179,1
ecgclass,8.2845,35.320,1
ecgclass,8.3399,30.731,1
ecgclass,8.4108,36.873,1
ecgclass,8.4587,24.978,1
ecgclass,8.5178,30.873,1
ecgclass,8.5700,26.170,1
ecgclass,8.6233,30.678,1
ecgclass,8.7367,36.361,1
ecgclass,8.8777,30.908,1
ecgclass,8.9107,35.646,1
ecgclass,8.9149,31.400,1
ecgclass,8.9855,30.953,1
ecgclass,9.0275,21.693,1
ecgclass,9.1500,37.134,1
ecgclass,9.2022,17.413,1
ecgclass,9.2084,30.249,1
ecgclass,9.2610,35.790,1
ecgclass,9.2894,41.625,1
ecgclass,9.2957,35.419,1
ecgclass,9.3089,22.218,1
ecgclass,9.4828,30.459,1
ecgclass,9.5031,35.954,1
ecgclass,9.5163,22.707,1
ecgclass,9.5386,30.583,1
ecgclass,9.6423,37.278,1
ecgclass,9.6963,39.858,1
ecgclass,9.7057,46.170,1
ecgclass,9.7068,45.001,1
ecgclass,9.7280,44.537,1
ecgclass,9.7359,36.696,1
ecgclass,9.8407,36.336,1
ecgclass,9.8451,31.904,1
ecgclass,9.8791,32.370,1
ecgclass,9.9308,30.267,1
ecgclass,10.0737,41.841,1
ecgclass,10.0877,27.944,1
ecgclass,10.1741,29.364,1
ecgclass,10.2137,42.280,1
ecgclass,10.2996,40.685,1
ecgclass,10.3166,23.792,1
ecgclass,10.3339,35.492,1
ecgclass,10.3465,22.885,1
ecgclass,10.3988,24.042,1
ecgclass,10.4311,29.235,1
ecgclass,10.4745,21.805,1
ecgclass,10.5381,35.810,1
ecgclass,10.5964,39.589,1
ecgclass,10.6481,21.807,1
ecgclass,10.7180,36.356,1
ecgclass,10.7203,33.999,1
ecgclass,10.7958,33.824,1
ecgclass,10.8610,26.131,1
ecgclass,10.8826,36.476,1
ecgclass,10.8942,24.790,1
ecgclass,10.9301,36.098,1
ecgclass,11.0318,26.469,1
ecgclass,11.0470,30.544,1
ecgclass,11.1187,30.991,1
ecgclass,11.2676,35.049,1
ecgclass,11.2878,42.644,1
ecgclass,11.5025,42.225,1
ecgclass,11.5058,38.951,1
ecgclass,11.5071,37.642,1
ecgclass,11.6009,36.393,1
ecgclass,11.6329,34.491,1
ecgclass,11.6644,36.170,1
ecgclass,11.7605,31.008,1
ecgclass,11.8849,25.033,1
ecgclass,11.9262,30.130,1
ecgclass,12.0315,31.221,1
ecgclass,12.0820,30.697,1
ecgclass,12.1066,36.411,1
ecgclass,12.1188,24.218,1
ecgclass,12.1881,31.030,1
ecgclass,12.2948,36.278,1
ecgclass,12.4287,36.745,1
ecgclass,12.4432,22.339,1
ecgclass,12.4946,32.319,1
ecgclass,12.5199,30.527,1
ecgclass,12.6072,42.310,1
ecgclass,12.6175,31.988,1
ecgclass,12.6197,29.943,1
ecgclass,12.6390,47.409,1
ecgclass,12.6412,45.145,1
ecgclass,12.6652,42.194,1
ecgclass,12.6895,36.273,1
ecgclass,12.6957,30.071,1
ecgclass,12.8499,42.901,1
ecgclass,12.8646,28.206,1
ecgclass,12.9242,36.036,1
ecgclass,12.9345,25.752,1
ecgclass,12.9600,26.462,1
ecgclass,12.9643,22.119,1
ecgclass,12.9705,36.257,1
ecgclass,12.9705,36.252,1
ecgclass,13.0513,18.951,1
ecgclass,13.0700,30.499,1
ecgclass,13.1036,26.938,1
ecgclass,13.1476,42.123,1
ecgclass,13.1562,33.616,1
ecgclass,13.3036,25.011,1
ecgclass,13.3307,41.303,1
ecgclass,13.3339,38.074,1
ecgclass,13.3401,31.898,1
ecgclass,13.3647,36.965,1
ecgclass,13.3709,30.747,1
ecgclass,13.3873,31.391,1
ecgclass,13.4241,38.378,1
ecgclass,13.4263,36.200,1
ecgclass,13.4455,30.715,1
ecgclass,13.5226,35.854,1
ecgclass,13.5261,32.366,1
ecgclass,13.5756,41.851,1
ecgclass,13.5779,39.580,1
ecgclass,13.7113,31.188,1
ecgclass,13.7255,36.093,1
ecgclass,13.7368,24.825,1
ecgclass,13.7907,42.423,1
ecgclass,13.9037,30.662,1
ecgclass,14.0633,31.366,1
ecgclass,14.1327,36.072,1
ecgclass,14.2195,30.969,1
ecgclass,14.2739,44.122,1
ecgclass,14.2833,34.723,1
ecgclass,14.3412,39.127,1
ecgclass,14.3494,30.900,1
ecgclass,14.3994,30.855,1
ecgclass,14.4374,42.267,1
ecgclass,14.4559,23.751,1
ecgclass,14.4907,30.557,1
ecgclass,14.5364,17.454,1
ecgclass,14.5488,31.268,1
ecgclass,14.5691,30.402,1
ecgclass,14.5902,53.483,1
ecgclass,14.5956,48.060,1
ecgclass,14.6100,33.759,1
ecgclass,14.6609,24.704,1
ecgclass,14.7211,28.574,1
ecgclass,14.7493,36.194,1
ecgclass,14.7802,33.410,1
ecgclass,14.7996,29.946,1
ecgclass,14.8576,36.186,1
ecgclass,14.8782,30.391,1
ecgclass,14.9260,28.101,1
ecgclass,14.9582,30.726,1
ecgclass,14.9884,30.504,1
ecgclass,15.1323,36.760,1
ecgclass,15.2392,36.401,1
ecgclass,15.2867,30.618,1
ecgclass,15.3464,37.279,1
ecgclass,15.3538,29.960,1
ecgclass,15.3770,30.178,1
ecgclass,15.4426,36.308,1
ecgclass,15.4930,48.301,1
ecgclass,15.5055,35.813,1
ecgclass,15.6600,47.916,1
ecgclass,15.6622,45.684,1
ecgclass,15.7174,35.468,1
ecgclass,15.7227,30.230,1
ecgclass,15.8457,26.481,1
ecgclass,15.8499,22.228,1
ecgclass,15.9277,41.440,1
ecgclass,15.9363,32.853,1
ecgclass,16.1639,31.105,1
ecgclass,16.1923,36.022,1
ecgclass,16.2514,30.801,1
ecgclass,16.3013,30.675,1
ecgclass,16.3341,30.318,1
ecgclass,16.4055,36.214,1
ecgclass,16.4428,47.432,1
ecgclass,16.5804,36.456,1
ecgclass,16.5829,34.022,1
ecgclass,16.8513,29.772,1
ecgclass,16.8922,36.042,1
ecgclass,16.9074,20.760,1
ecgclass,16.9363,30.627,1
ecgclass,16.9990,30.874,1
ecgclass,17.0483,32.161,1
ecgclass,17.1523,30.889,1
ecgclass,17.2665,31.154,1
ecgclass,17.3138,30.586,1
ecgclass,17.3925,36.388,1
ecgclass,17.4261,36.240,1
ecgclass,17.4321,30.276,1
ecgclass,17.4593,41.527,1
ecgclass,17.4734,27.452,1
ecgclass,17.5720,42.733,1
ecgclass,17.5843,30.435,1
ecgclass,17.6479,36.464,1
ecgclass,17.7609,46.399,1
ecgclass,17.7681,39.222,1
ecgclass,17.8154,30.573,1
ecgclass,17.9455,40.431,1
ecgclass,17.9713,30.649,1
ecgclass,17.9960,30.441,1
ecgclass,18.0295,35.884,1
ecgclass,18.0398,25.624,1
ecgclass,18.0500,30.318,1
ecgclass,18.2044,18.773,1
ecgclass,18.3245,36.273,1
ecgclass,18.3530,31.143,1
ecgclass,18.3709,30.356,1
ecgclass,18.4367,32.679,1
ecgclass,18.6547,31.019,1
ecgclass,18.7629,31.157,1
ecgclass,18.7873,41.644,1
ecgclass,18.8205,36.434,1
ecgclass,18.8753,31.564,1
ecgclass,18.9119,35.789,1
ecgclass,18.9282,19.549,1
ecgclass,18.9446,31.035,1
ecgclass,18.9988,36.738,1
ecgclass,19.1732,43.441,1
ecgclass,19.1827,33.972,1
ecgclass,19.2422,30.654,1
ecgclass,19.3736,41.958,1
ecgclass,19.3738,41.762,1
ecgclass,19.4023,35.777,1
ecgclass,19.4694,24.368,1
ecgclass,19.5831,18.671,1
ecgclass,19.7232,39.697,1
ecgclass,19.7408,22.192,1
ecgclass,19.7440,41.767,1
ecgclass,19.7614,24.348,1
ecgclass,19.8019,42.812,1
ecgclass,19.8144,30.330,1
ecgclass,19.8366,30.537,1
ecgclass,19.9076,40.020,1
ecgclass,19.9076,40.019,1
ecgclass,19.9971,37.994,1
ecgclass,19.9983,36.962,1
ecgclass,20.0453,53.518,1
ecgclass,20.0486,50.335,1
ecgclass,20.0648,34.113,1
ecgclass,20.0941,30.899,1
ecgclass,20.2022,36.326,1
ecgclass,20.2135,25.054,1
ecgclass,20.4075,37.307,1
ecgclass,20.5167,47.034,1
ecgclass,20.5202,43.557,1
ecgclass,20.5214,42.585,1
ecgclass,20.5296,34.448,1
ecgclass,20.5781,31.034,1
ecgclass,20.8862,41.241,1
ecgclass,20.9048,32.433,1
ecgclass,20.9749,37.327,1
ecgclass,20.9791,33.179,1
ecgclass,21.0575,30.535,1
ecgclass,21.1561,37.016,1
ecgclass,21.2673,37.258,1
ecgclass,21.3793,30.901,1
ecgclass,21.4618,35.826,1
ecgclass,21.4660,31.580,1
ecgclass,21.5077,30.445,1
ecgclass,21.5294,35.662,1
ecgclass,21.5535,30.889,1
ecgclass,21.6636,36.740,1
ecgclass,21.7725,36.017,1
ecgclass,21.8308,36.306,1
ecgclass,21.8430,24.038,1
ecgclass,21.8985,37.692,1
ecgclass,21.9127,23.575,1
ecgclass,21.9867,37.865,1
ecgclass,21.9969,27.672,1
ecgclass,22.0557,30.884,1
ecgclass,22.0790,36.338,1
ecgclass,22.0843,31.071,1
ecgclass,22.1535,42.094,1
ecgclass,22.1590,36.538,1
ecgclass,22.3728,31.103,1
ecgclass,22.4060,35.765,1
ecgclass,22.4232,18.540,1
ecgclass,22.4335,30.804,1
ecgclass,22.4704,30.609,1
ecgclass,22.5405,20.162,1
ecgclass,22.6284,30.709,1
ecgclass,22.6732,21.891,1
ecgclass,22.8423,30.520,1
ecgclass,22.9190,36.911,1
ecgclass,22.9293,26.535,1
ecgclass,23.0911,36.523,1
ecgclass,23.1106,17.038,1
ecgclass,23.2807,43.054,1
ecgclass,23.2963,27.420,1
ecgclass,23.3236,30.569,1
ecgclass,23.3795,27.784,1
ecgclass,23.3827,24.732,1
ecgclass,23.5148,31.271,1
ecgclass,23.5372,52.316,1
ecgclass,23.5502,39.346,1
ecgclass,23.5534,36.127,1
ecgclass,23.5546,34.939,1
ecgclass,23.5558,33.947,1
ecgclass,23.5750,43.235,1
ecgclass,23.5938,24.417,1
ecgclass,23.6439,30.668,1
ecgclass,23.7587,31.295,1
ecgclass,23.8171,30.926,1
ecgclass,23.8721,30.677,1
ecgclass,23.8994,31.215,1
ecgclass,23.9477,30.684,1
ecgclass,23.9878,35.969,1
ecgclass,23.9910,32.847,1
ecgclass,24.0052,47.460,1
ecgclass,24.0177,35.101,1
ecgclass,24.0209,31.880,1
ecgclass,24.0439,36.015,1
ecgclass,24.0472,32.768,1
ecgclass,24.1220,31.132,1
ecgclass,24.1993,42.808,1
ecgclass,24.2047,37.423,1
ecgclass,24.2089,33.397,1
ecgclass,24.3665,42.125,1
ecgclass,24.3810,27.650,1
ecgclass,24.4157,35.505,1
ecgclass,24.4472,30.682,1
ecgclass,24.5110,30.854,1
ecgclass,24.5619,30.645,1
ecgclass,24.6772,37.246,1
ecgclass,24.6875,26.926,1
ecgclass,24.7388,16.471,1
ecgclass,24.7594,41.653,1
ecgclass,24.7950,30.728,1
ecgclass,25.0024,21.985,1
ecgclass,25.0294,41.909,1
ecgclass,25.0884,30.733,1
ecgclass,25.1202,47.271,1
ecgclass,25.1306,36.906,1
ecgclass,25.1306,36.904,1
ecgclass,25.2096,42.580,1
ecgclass,25.2140,38.224,1
ecgclass,25.2242,28.033,1
ecgclass,25.2696,38.454,1
ecgclass,25.2880,36.127,1
ecgclass,25.3184,30.149,1
ecgclass,25.3496,38.406,1
ecgclass,25.3508,37.222,1
ecgclass,25.4612,35.760,1
ecgclass,25.6654,31.296,1
ecgclass,25.6988,35.793,1
ecgclass,25.7193,35.481,1
ecgclass,25.8331,31.032,1
ecgclass,25.8605,30.270,1
ecgclass,25.9078,30.648,1
ecgclass,26.0115,30.552,1
ecgclass,26.0328,36.126,1
ecgclass,26.1290,31.250,1
ecgclass,26.1865,30.482,1
ecgclass,26.2381,36.574,1
ecgclass,26.3267,42.092,1
ecgclass,26.3267,42.087,1
ecgclass,26.3455,23.663,1
ecgclass,26.3567,36.015,1
ecgclass,26.3732,19.547,1
ecgclass,26.3948,34.357,1
ecgclass,26.4070,22.174,1
ecgclass,26.4373,48.050,1
ecgclass,26.4547,30.581,1
ecgclass,26.4831,36.725,1
ecgclass,26.5156,36.062,1
ecgclass,26.5299,21.776,1
ecgclass,26.5788,30.786,1
ecgclass,26.6367,36.668,1
ecgclass,26.7148,22.084,1
ecgclass,26.7260,29.886,1
ecgclass,26.7762,30.487,1
ecgclass,26.8438,36.200,1
ecgclass,26.8462,33.841,1
ecgclass,26.8744,30.214,1
ecgclass,26.9237,36.564,1
ecgclass,26.9380,22.258,1
ecgclass,27.0288,30.796,1
ecgclass,27.0940,37.979,1
ecgclass,27.1043,27.956,1
ecgclass,27.1333,28.260,1
ecgclass,27.3018,48.418,1
ecgclass,27.3408,31.013,1
ecgclass,27.4119,37.087,1
ecgclass,27.5362,22.181,1
ecgclass,27.5654,42.003,1
ecgclass,27.5697,37.749,1
ecgclass,27.5819,25.565,1
ecgclass,27.6158,28.227,1
ecgclass,27.6451,34.586,1
ecgclass,27.6857,30.405,1
ecgclass,27.7510,31.381,1
ecgclass,27.8275,31.039,1
ecgclass,27.8807,30.678,1
ecgclass,28.0236,40.337,1
ecgclass,28.2044,31.494,1
ecgclass,28.2695,36.284,1
ecgclass,28.3674,30.376,1
ecgclass,28.3927,36.155,1
ecgclass,28.3999,29.006,1
ecgclass,28.4422,23.152,1
ecgclass,28.5712,36.627,1
ecgclass,28.5795,28.317,1
ecgclass,28.6017,30.592,1
ecgclass,28.6514,30.588,1
ecgclass,28.6797,42.145,1
ecgclass,28.6830,38.818,1
ecgclass,28.8901,36.176,1
ecgclass,28.9294,18.447,1
ecgclass,28.9438,33.910,1
ecgclass,28.9689,42.008,1
ecgclass,28.9702,40.757,1
ecgclass,29.0106,35.656,1
ecgclass,29.0928,33.795,1
ecgclass,29.1337,36.093,1
ecgclass,29.2079,30.963,1
ecgclass,29.2410,30.360,1
ecgclass,29.3138,30.574,1
ecgclass,29.3494,30.393,1
ecgclass,29.4009,30.646,1
ecgclass,29.4969,30.446,1
ecgclass,29.7161,31.073,1
ecgclass,29.7435,30.341,1
ecgclass,29.9157,37.197,1
ecgclass,29.9211,31.776,1
ecgclass,29.9669,17.498,1
ecgclass,30.0015,30.552,2
ecgclass,30.0462,41.991,2
ecgclass,30.1371,61.992,2
ecgclass,30.1620,37.146,2
ecgclass,30.3715,93.559,2
ecgclass,30.4122,87.886,2
ecgclass,30.4848,85.523,2
ecgclass,30.5295,75.984,2
ecgclass,30.5657,74.948,2
ecgclass,30.5961,79.814,2
ecgclass,30.5961,79.917,2
ecgclass,30.7928,93.700,2
ecgclass,30.8442,78.152,2
ecgclass,30.9840,85.523,2
ecgclass,31.1842,96.670,2
ecgclass,31.2626,88.098,2
ecgclass,31.2862,99.762,2
ecgclass,31.3180,103.823,2
ecgclass,31.3225,99.368,2
ecgclass,31.4417,85.464,2
ecgclass,31.5001,97.115,2
ecgclass,31.6374,100.154,2
ecgclass,31.7588,84.028,2
ecgclass,31.7611,81.788,2
ecgclass,31.8490,100.594,2
ecgclass,31.8567,92.971,2
ecgclass,31.8606,89.281,2
ecgclass,31.9167,105.159,2
ecgclass,31.9476,74.395,2
ecgclass,32.0261,103.338,2
ecgclass,32.1898,81.004,2
ecgclass,32.2170,89.023,2
ecgclass,32.2632,78.148,2
ecgclass,32.2632,78.181,2
ecgclass,32.2751,101.146,2
ecgclass,32.3311,80.011,2
ecgclass,32.3314,79.794,2
ecgclass,32.3846,97.254,2
ecgclass,32.4342,82.802,2
ecgclass,32.4386,78.593,2
ecgclass,32.5687,88.869,2
ecgclass,32.6408,86.657,2
ecgclass,32.7610,71.751,2
ecgclass,32.7699,98.325,2
ecgclass,32.8399,99.630,2
ecgclass,32.8613,78.229,2
ecgclass,33.0124,106.390,2
ecgclass,33.0463,72.486,2
ecgclass,33.0947,94.869,2
ecgclass,33.1109,78.672,2
ecgclass,33.1427,82.289,2
ecgclass,33.2119,83.568,2
ecgclass,33.2655,100.220,2
ecgclass,33.2667,99.270,2
ecgclass,33.2679,98.084,2
ecgclass,33.2986,102.617,2
ecgclass,33.3741,96.631,2
ecgclass,33.4208,84.994,2
ecgclass,33.4303,75.754,2
ecgclass,33.5115,100.146,2
ecgclass,33.6810,71.919,2
ecgclass,33.7010,86.888,2
ecgclass,33.7341,88.973,2
ecgclass,33.7633,94.890,2
ecgclass,33.7807,77.596,2
ecgclass,33.8017,91.560,2
ecgclass,33.8191,74.335,2
ecgclass,33.8294,99.561,2
ecgclass,33.8326,96.367,2
ecgclass,33.8493,115.741,2
ecgclass,33.9577,78.927,2
ecgclass,33.9774,95.150,2
ecgclass,33.9911,81.724,2
ecgclass,34.0685,75.502,2
ecgclass,34.0941,85.726,2
ecgclass,34.1662,84.216,2
ecgclass,34.2246,96.503,2
ecgclass,34.2819,74.079,2
ecgclass,34.3003,90.854,2
ecgclass,34.3438,83.272,2
ecgclass,34.4888,79.439,2
ecgclass,34.5566,81.756,2
ecgclass,34.6175,90.678,2
ecgclass,34.6478,96.809,2
ecgclass,34.7056,74.155,2
ecgclass,34.7429,71.660,2
ecgclass,34.7521,97.434,2
ecgclass,34.7698,79.729,2
ecgclass,34.7780,71.553,2
ecgclass,34.8340,86.607,2
ecgclass,34.8382,82.342,2
ecgclass,34.8425,78.157,2
ecgclass,34.8526,103.330,2
ecgclass,34.8765,79.777,2
ecgclass,34.8858,105.918,2
ecgclass,34.9514,76.191,2
ecgclass,34.9899,73.453,2
ecgclass,35.2455,100.355,2
ecgclass,35.4159,71.799,2
ecgclass,35.4518,106.640,2
ecgclass,35.4838,74.926,2
ecgclass,35.4901,103.958,2
ecgclass,35.5722,91.851,2
ecgclass,35.7487,92.558,2
ecgclass,35.7818,94.442,2
ecgclass,35.8611,85.789,2
ecgclass,35.8613,85.703,2
ecgclass,36.2314,167.183,2
ecgclass,36.2367,161.979,2
ecgclass,36.3125,86.148,2
ecgclass,36.3147,118.872,2
ecgclass,36.3320,101.735,2
ecgclass,36.3524,116.614,2
ecgclass,36.4049,98.920,2
ecgclass,36.4081,95.960,2
ecgclass,36.4312,108.001,2
ecgclass,36.4430,96.152,2
ecgclass,36.4494,89.988,2
ecgclass,36.5343,74.496,2
ecgclass,36.5577,86.340,2
ecgclass,36.5621,82.165,2
ecgclass,36.5903,88.765,2
ecgclass,36.6008,78.386,2
ecgclass,36.6008,78.391,2
ecgclass,36.6060,107.750,2
ecgclass,36.6658,82.745,2
ecgclass,36.6658,82.750,2
ecgclass,36.6895,94.127,2
ecgclass,36.7249,93.800,2
ecgclass,36.7395,79.194,2
ecgclass,36.7797,73.986,2
ecgclass,36.8717,87.236,2
ecgclass,36.9031,90.552,2
ecgclass,36.9323,96.319,2
ecgclass,36.9397,89.000,2
ecgclass,36.9724,92.430,2
ecgclass,37.0869,82.724,2
ecgclass,37.1164,90.593,2
ecgclass,37.1528,92.572,2
ecgclass,37.2970,92.962,2
ecgclass,37.3168,73.259,2
ecgclass,37.3190,71.080,2
ecgclass,37.4243,70.829,2
ecgclass,37.4587,71.340,2
ecgclass,37.4660,99.385,2
ecgclass,37.4702,95.212,2
ecgclass,37.5037,96.575,2
ecgclass,37.5820,88.663,2
ecgclass,37.5834,87.480,2
ecgclass,37.5876,83.323,2
ecgclass,37.5928,113.748,2
ecgclass,37.6016,104.963,2
ecgclass,37.6508,91.019,2
ecgclass,37.6541,88.027,2
ecgclass,37.7494,97.834,2
ecgclass,37.8754,76.665,2
ecgclass,38.1259,75.403,2
ecgclass,38.1259,75.400,2
ecgclass,38.1363,101.120,2
ecgclass,38.1728,100.688,2
ecgclass,38.1770,96.456,2
ecgclass,38.3819,69.935,2
ecgclass,38.5498,79.082,2
ecgclass,38.5843,79.983,2
ecgclass,38.6841,85.706,2
ecgclass,38.7878,87.428,2
ecgclass,38.8251,85.366,2
ecgclass,38.8498,95.822,2
ecgclass,38.9501,101.395,2
ecgclass,38.9803,71.218,2
ecgclass,39.1038,90.858,2
ecgclass,39.1553,74.818,2
ecgclass,39.1889,76.713,2
ecgclass,39.2136,87.926,2
ecgclass,39.2312,106.200,2
ecgclass,39.2426,94.824,2
ecgclass,39.2426,94.845,2
ecgclass,39.2580,114.562,2
ecgclass,39.2593,113.529,2
ecgclass,39.2722,135.743,2
ecgclass,39.4369,77.266,2
ecgclass,39.5617,95.389,2
ecgclass,39.6804,82.269,2
ecgclass,39.7022,95.636,2
ecgclass,39.8500,88.295,2
ecgclass,39.9080,100.759,2
ecgclass,39.9096,99.244,2
ecgclass,39.9233,85.683,2
ecgclass,39.9772,103.013,2
ecgclass,39.9856,94.594,2
ecgclass,39.9919,88.391,2
ecgclass,40.0636,87.393,3
ecgclass,40.0637,87.424,3
ecgclass,40.0651,86.108,3
ecgclass,40.1633,95.132,3
ecgclass,40.1805,77.881,3
ecgclass,40.3149,84.536,3
ecgclass,40.3921,77.529,3
ecgclass,40.4488,92.121,3
ecgclass,40.4708,105.402,3
ecgclass,40.4790,97.227,3
ecgclass,40.4834,127.782,3
ecgclass,40.5551,91.399,3
ecgclass,40.5605,85.975,3
ecgclass,40.5708,111.047,3
ecgclass,40.6096,72.337,3
ecgclass,40.6108,71.119,3
ecgclass,40.6649,87.805,3
ecgclass,40.6681,84.666,3
ecgclass,40.6785,74.293,3
ecgclass,40.6819,105.683,3
ecgclass,40.7987,95.217,3
ecgclass,40.9789,92.364,3
ecgclass,41.0439,99.461,3
ecgclass,41.1034,75.610,3
ecgclass,41.1173,96.754,3
ecgclass,41.1740,75.289,3
ecgclass,41.2333,87.595,3
ecgclass,41.3045,87.012,3
ecgclass,41.3847,77.591,3
ecgclass,41.4673,101.288,3
ecgclass,41.4686,100.089,3
ecgclass,41.5280,75.924,3
ecgclass,41.5768,98.200,3
ecgclass,41.6794,100.618,3
ecgclass,41.6856,94.428,3
ecgclass,41.7420,73.210,3
ecgclass,41.7744,75.858,3
ecgclass,41.8066,78.779,3
ecgclass,41.8149,70.722,3
ecgclass,41.8867,105.292,3
ecgclass,41.9226,105.007,3
ecgclass,41.9278,99.818,3
ecgclass,42.3016,82.206,3
ecgclass,42.3480,107.087,3
ecgclass,42.3736,81.505,3
ecgclass,42.5365,94.581,3
ecgclass,42.6306,71.054,3
ecgclass,42.7076,99.983,3
ecgclass,42.7109,96.774,3
ecgclass,42.7672,76.532,3
ecgclass,42.8770,72.467,3
ecgclass,42.9108,74.451,3
ecgclass,42.9836,72.382,3
ecgclass,43.0004,91.055,3
ecgclass,43.0076,83.810,3
ecgclass,43.1161,82.683,3
ecgclass,43.1436,90.933,3
ecgclass,43.1794,90.432,3
ecgclass,43.1969,72.960,3
ecgclass,43.2316,73.716,3
ecgclass,43.2502,90.880,3
ecgclass,43.2515,89.602,3
ecgclass,43.3514,95.952,3
ecgclass,43.3617,85.724,3
ecgclass,43.3804,102.132,3
ecgclass,43.4775,31.776,3
ecgclass,43.5327,35.511,3
ecgclass,43.5755,29.559,3
ecgclass,43.6847,43.107,3
ecgclass,43.6930,34.731,3
ecgclass,43.7265,35.746,3
ecgclass,43.7581,36.319,3
ecgclass,43.9330,30.554,3
ecgclass,44.0195,41.783,3
ecgclass,44.0299,31.543,3
ecgclass,44.0401,36.242,3
ecgclass,44.0613,35.591,3
ecgclass,44.0725,24.343,3
ecgclass,44.0965,35.943,3
ecgclass,44.1019,30.449,3
ecgclass,44.1465,36.685,3
ecgclass,44.1577,25.425,3
ecgclass,44.1702,34.243,3
ecgclass,44.3709,36.523,3
ecgclass,44.4552,35.683,3
ecgclass,44.5637,51.209,3
ecgclass,44.5660,49.098,3
ecgclass,44.5813,33.845,3
ecgclass,44.6045,42.869,3
ecgclass,44.6918,24.505,3
ecgclass,44.7392,37.322,3
ecgclass,44.7392,37.395,3
ecgclass,44.7567,43.061,3
ecgclass,44.8408,17.601,3
ecgclass,45.1241,36.321,3
ecgclass,45.1468,41.878,3
ecgclass,45.1766,42.044,3
ecgclass,45.2237,30.496,3
ecgclass,45.2553,35.503,3
ecgclass,45.3382,32.920,3
ecgclass,45.4487,27.668,3
ecgclass,45.4590,30.222,3
ecgclass,45.4993,41.908,3
ecgclass,45.5045,36.628,3
ecgclass,45.5127,28.435,3
ecgclass,45.5445,40.944,3
ecgclass,45.5631,22.485,3
ecgclass,45.5673,30.066,3
ecgclass,45.6055,30.570,3
ecgclass,45.6725,20.925,3
ecgclass,45.7375,36.453,3
ecgclass,45.7581,30.790,3
ecgclass,45.7950,41.537,3
ecgclass,45.8064,30.270,3
ecgclass,45.8206,41.372,3
ecgclass,45.8388,23.209,3
ecgclass,45.9809,17.304,3
ecgclass,46.0076,34.117,3
ecgclass,46.0518,30.717,3
ecgclass,46.0906,36.238,3
ecgclass,46.1592,42.524,3
ecgclass,46.3057,36.242,3
ecgclass,46.3263,30.624,3
ecgclass,46.3923,30.334,3
ecgclass,46.4126,30.264,3
ecgclass,46.5160,43.109,3
ecgclass,46.5234,35.663,3
ecgclass,46.5307,28.452,3
ecgclass,46.5692,47.457,3
ecgclass,46.5725,44.199,3
ecgclass,46.5885,28.220,3
ecgclass,46.6272,43.813,3
ecgclass,46.6427,28.389,3
ecgclass,46.7764,35.578,3
ecgclass,46.8141,31.198,3
ecgclass,46.8463,29.157,3
ecgclass,46.8836,26.433,3
ecgclass,46.9473,36.018,3
ecgclass,46.9655,17.854,3
ecgclass,47.0353,24.078,3
ecgclass,47.1641,22.804,3
ecgclass,47.2658,30.769,3
ecgclass,47.3016,20.483,3
ecgclass,47.3139,48.008,3
ecgclass,47.3296,32.546,3
ecgclass,47.4106,40.042,3
ecgclass,47.4568,35.897,3
ecgclass,47.4760,16.627,3
ecgclass,47.4783,35.467,3
ecgclass,47.5768,36.543,3
ecgclass,47.5850,28.304,3
ecgclass,47.6144,45.650,3
ecgclass,47.6318,28.250,3
ecgclass,47.6511,42.026,3
ecgclass,47.6553,37.866,3
ecgclass,47.6724,48.052,3
ecgclass,47.7968,42.235,3
ecgclass,47.8272,31.168,3
ecgclass,47.8582,35.715,3
ecgclass,47.9010,21.612,3
ecgclass,47.9224,41.979,3
ecgclass,47.9428,36.487,3
ecgclass,47.9441,35.263,3
ecgclass,48.0222,26.751,3
ecgclass,48.0829,31.010,3
ecgclass,48.1084,35.509,3
ecgclass,48.1581,48.070,3
ecgclass,48.1821,57.721,3
ecgclass,48.1883,51.663,3
ecgclass,48.1965,43.481,3
ecgclass,48.3635,36.150,3
ecgclass,48.4265,26.904,3
ecgclass,48.4489,36.485,3
ecgclass,48.5199,25.307,3
ecgclass,48.5563,35.858,3
ecgclass,48.6338,30.713,3
ecgclass,48.6879,30.192,3
ecgclass,48.7591,36.695,3
ecgclass,48.7592,36.684,3
ecgclass,48.9739,45.408,3
ecgclass,48.9770,42.368,3
ecgclass,49.0013,52.306,3
ecgclass,49.0078,45.835,3
ecgclass,49.0191,34.574,3
ecgclass,49.0465,36.730,3
ecgclass,49.0678,35.903,3
ecgclass,49.2119,41.843,3
ecgclass,49.2358,40.799,3
ecgclass,49.3867,31.747,3
ecgclass,49.4308,43.756,3
ecgclass,49.4556,33.893,3
ecgclass,49.5005,20.629,3
ecgclass,49.5455,36.705,3
ecgclass,49.5591,23.129,3
ecgclass,49.5735,30.944,3
ecgclass,49.6882,26.415,3
ecgclass,49.6924,22.182,3
ecgclass,49.7287,35.987,3
ecgclass,49.8808,36.458,3
ecgclass,49.9013,30.687,3
ecgclass,49.9839,52.253,3
ecgclass,50.0026,33.571,3
ecgclass,50.1596,21.852,3
ecgclass,50.1668,30.557,3
ecgclass,50.1935,30.514,3
ecgclass,50.2291,25.900,3
ecgclass,50.2985,26.428,3
ecgclass,50.3401,36.069,3
ecgclass,50.4176,36.138,3
ecgclass,50.4249,28.861,3
ecgclass,50.5052,27.556,3
ecgclass,50.6270,30.793,3
ecgclass,50.6988,36.477,3
ecgclass,50.7190,16.332,3
ecgclass,50.7294,27.054,3
ecgclass,50.7454,47.915,3
ecgclass,50.7518,41.658,3
ecgclass,50.8076,30.800,3
ecgclass,50.8465,35.746,3
ecgclass,50.8863,28.109,3
ecgclass,50.9347,30.990,3
ecgclass,51.0493,40.262,3
ecgclass,51.0535,36.106,3
ecgclass,51.0789,25.725,3
ecgclass,51.0907,35.400,3
ecgclass,51.1532,30.840,3
ecgclass,51.2587,32.245,3
ecgclass,51.2760,31.002,3
ecgclass,51.3070,32.797,3
ecgclass,51.3102,29.643,3
ecgclass,51.3419,41.553,3
ecgclass,51.3600,23.498,3
ecgclass,51.4090,28.930,3
ecgclass,51.4421,30.551,3
ecgclass,51.5227,31.070,3
ecgclass,51.5501,30.391,3
ecgclass,51.5827,42.974,3
ecgclass,51.6769,22.022,3
ecgclass,51.7050,35.889,3
ecgclass,51.7550,42.144,3
ecgclass,51.7664,30.844,3
ecgclass,51.8375,35.625,3
ecgclass,51.8893,30.638,3
ecgclass,51.9430,30.681,3
ecgclass,52.0001,32.125,3
ecgclass,52.0473,35.783,3
ecgclass,52.0506,32.477,3
ecgclass,52.0698,35.611,3
ecgclass,52.1755,30.580,3
ecgclass,52.2618,36.629,3
ecgclass,52.3476,43.067,3
ecgclass,52.4944,32.720,3
ecgclass,52.5372,41.516,3
ecgclass,52.5751,26.654,3
ecgclass,52.6101,35.899,3
ecgclass,52.6133,32.714,3
ecgclass,52.6501,30.967,3
ecgclass,52.7164,35.934,3
ecgclass,52.7327,19.681,3
ecgclass,52.8447,44.132,3
ecgclass,52.8951,30.832,3
ecgclass,52.9544,35.892,3
ecgclass,53.0014,36.423,3
ecgclass,53.0875,35.663,3
ecgclass,53.1179,35.418,3
ecgclass,53.1574,42.092,3
ecgclass,53.1709,28.742,3
ecgclass,53.2067,42.519,3
ecgclass,53.2210,28.286,3
ecgclass,53.3110,31.202,3
ecgclass,53.3533,30.541,3
ecgclass,53.3950,30.577,3
ecgclass,53.4750,41.175,3
ecgclass,53.4892,27.030,3
ecgclass,53.5006,31.383,3
ecgclass,53.6550,28.633,3
ecgclass,53.7008,36.190,3
ecgclass,53.7430,41.475,3
ecgclass,53.7443,40.413,3
ecgclass,53.7690,40.075,3
ecgclass,53.8847,41.765,3
ecgclass,53.9685,31.029,3
ecgclass,53.9939,30.030,3
ecgclass,54.0463,29.095,3
ecgclass,54.0702,31.826,3
ecgclass,54.0995,36.222,3
ecgclass,54.1214,41.746,3
ecgclass,54.1336,29.512,3
ecgclass,54.1735,32.654,3
ecgclass,54.2072,30.408,3
ecgclass,54.3605,41.906,3
ecgclass,54.3668,35.624,3
ecgclass,54.3962,35.987,3
ecgclass,54.4692,25.312,3
ecgclass,54.5047,25.353,3
ecgclass,54.6373,34.269,3
ecgclass,54.6617,46.425,3
ecgclass,54.6699,38.258,3
ecgclass,54.7779,42.444,3
ecgclass,54.7814,38.975,3
ecgclass,54.8097,33.088,3
ecgclass,54.8305,42.143,3
ecgclass,54.8767,35.631,3
ecgclass,54.9409,36.517,3
ecgclass,54.9730,35.286,3
ecgclass,55.0675,35.707,3
ecgclass,55.0697,33.453,3
ecgclass,55.0899,30.377,3
ecgclass,55.1326,41.700,3
ecgclass,55.1569,42.068,3
ecgclass,55.1651,33.841,3
ecgclass,55.1764,22.526,3
ecgclass,55.2010,36.114,3
ecgclass,55.2225,30.543,3
ecgclass,55.2875,30.712,3
ecgclass,55.3468,35.557,3
ecgclass,55.4035,36.561,3
ecgclass,55.4514,40.742,3
ecgclass,55.5215,35.862,3
ecgclass,55.6700,15.224,3
ecgclass,55.6873,27.575,3
ecgclass,55.7951,42.110,3
ecgclass,55.7952,42.106,3
ecgclass,55.9471,27.959,3
ecgclass,55.9524,22.729,3
ecgclass,55.9586,36.002,3
ecgclass,55.9872,42.089,3
ecgclass,55.9957,33.648,3
ecgclass,55.9957,33.680,3
ecgclass,55.9957,33.845,3
ecgclass,56.0132,40.083,3
ecgclass,56.1001,18.669,3
ecgclass,56.1063,30.475,3
ecgclass,56.1531,23.789,3
ecgclass,56.2392,43.914,3
ecgclass,56.2495,33.671,3
ecgclass,56.2670,31.317,3
ecgclass,56.5200,36.345,3
ecgclass,56.5797,30.085,3
ecgclass,56.6158,24.778,3
ecgclass,56.7096,47.355,3
ecgclass,56.7148,42.367,3
ecgclass,56.7925,44.752,3
ecgclass,56.8606,19.095,3
ecgclass,56.8828,35.803,3
ecgclass,56.9020,16.575,3
ecgclass,56.9430,34.174,3
ecgclass,57.0148,31.735,3
ecgclass,57.0954,20.997,3
ecgclass,57.2094,42.444,3
ecgclass,57.2197,32.116,3
ecgclass,57.2320,30.423,3
ecgclass,57.2995,48.831,3
ecgclass,57.3110,37.342,3
ecgclass,57.3111,37.335,3
ecgclass,57.3224,53.152,3
ecgclass,57.3408,34.716,3
ecgclass,57.3585,31.167,3
ecgclass,57.4150,30.538,3
ecgclass,57.4656,31.014,3
ecgclass,57.4952,38.026,3
ecgclass,57.5606,41.966,3
ecgclass,57.5944,30.843,3
ecgclass,57.6459,26.988,3
ecgclass,57.8038,27.984,3
ecgclass,57.8739,23.123,3
ecgclass,57.8901,36.438,3
ecgclass,57.8982,28.404,3
ecgclass,58.0403,42.652,3
ecgclass,58.0951,30.864,3
ecgclass,58.1836,36.132,3
ecgclass,58.2279,20.592,3
ecgclass,58.2712,40.505,3
ecgclass,58.6324,16.797,3
ecgclass,58.7556,47.410,3
ecgclass,58.7590,44.190,3
ecgclass,58.7692,34.022,3
ecgclass,58.7904,48.993,3
ecgclass,58.8125,42.359,3
ecgclass,58.8226,32.233,3
ecgclass,58.8774,33.742,3
ecgclass,58.9049,30.954,3
ecgclass,59.0131,18.673,3
ecgclass,59.0358,35.805,3
ecgclass,59.0727,36.191,3
ecgclass,59.1004,40.026,3
ecgclass,59.1545,18.701,3
ecgclass,59.1688,35.519,3
ecgclass,59.2563,42.297,3
ecgclass,59.4273,42.078,3
ecgclass,59.4307,38.711,3
ecgclass,59.4307,38.706,3
ecgclass,59.4580,36.075,3
ecgclass,59.4961,35.718,3
ecgclass,59.5621,41.757,3
ecgclass,59.5879,35.369,3
ecgclass,59.6192,35.584,3
ecgclass,59.6649,30.402,3
ecgclass,59.6902,36.043,3
ecgclass,59.8616,17.465,3
ecgclass,59.8639,41.240,3
ecgclass,59.8702,34.891,3
ecgclass,59.9072,35.578,3
ecgclass,59.9235,19.332,3
