task,condition,elapsed_sec,latency_ms
gestureclass,single_gestureclass,0.0,239.9828
gestureclass,single_gestureclass,0.0175,232.5776
gestureclass,single_gestureclass,0.0258,245.5776
gestureclass,single_gestureclass,0.031,240.3498
gestureclass,single_gestureclass,0.1513,120.0452
gestureclass,single_gestureclass,0.3055,11.2066
gestureclass,single_gestureclass,0.3458,10.9148
gestureclass,single_gestureclass,0.4799,11.6355
gestureclass,single_gestureclass,0.4926,10.4458
gestureclass,single_gestureclass,0.5992,11.5368
gestureclass,single_gestureclass,0.6528,11.1084
gestureclass,single_gestureclass,0.7581,11.5545
gestureclass,single_gestureclass,1.1,11.4758
gestureclass,single_gestureclass,1.1716,11.5192
gestureclass,single_gestureclass,1.2974,11.436
gestureclass,single_gestureclass,1.404,11.6465
gestureclass,single_gestureclass,1.4043,21.1058
gestureclass,single_gestureclass,1.4265,10.3841
gestureclass,single_gestureclass,1.4649,10.7114
gestureclass,single_gestureclass,1.5578,11.4238
gestureclass,single_gestureclass,1.6264,11.1837
gestureclass,single_gestureclass,1.9519,11.6162
gestureclass,single_gestureclass,2.0437,11.7583
gestureclass,single_gestureclass,2.2016,11.3943
gestureclass,single_gestureclass,2.2231,10.2787
gestureclass,single_gestureclass,2.4317,11.276
gestureclass,single_gestureclass,2.435,17.5986
gestureclass,single_gestureclass,2.4907,10.7646
gestureclass,single_gestureclass,2.5236,10.4198
gestureclass,single_gestureclass,2.6792,11.4012
gestureclass,single_gestureclass,2.7147,10.4275
gestureclass,single_gestureclass,2.7722,10.7439
gestureclass,single_gestureclass,2.824,10.7758
gestureclass,single_gestureclass,2.8419,10.5507
gestureclass,single_gestureclass,3.0517,11.3573
gestureclass,single_gestureclass,3.1892,11.2472
gestureclass,single_gestureclass,3.1936,16.5024
gestureclass,single_gestureclass,3.2702,11.2431
gestureclass,single_gestureclass,3.3266,11.066
gestureclass,single_gestureclass,3.3627,10.4384
gestureclass,single_gestureclass,3.4243,11.0037
gestureclass,single_gestureclass,3.4306,14.272
gestureclass,single_gestureclass,3.519,11.3485
gestureclass,single_gestureclass,3.5234,16.8896
gestureclass,single_gestureclass,3.6144,11.3199
gestureclass,single_gestureclass,3.845,11.3466
gestureclass,single_gestureclass,3.8584,10.0756
gestureclass,single_gestureclass,3.8695,9.9752
gestureclass,single_gestureclass,3.9136,10.8025
gestureclass,single_gestureclass,4.0456,11.2851
gestureclass,single_gestureclass,4.177,11.2617
gestureclass,single_gestureclass,4.1934,10.184
gestureclass,single_gestureclass,4.1934,19.84
gestureclass,single_gestureclass,4.5786,11.8506
gestureclass,single_gestureclass,4.7177,11.3604
gestureclass,single_gestureclass,4.8092,13.4206
gestureclass,single_gestureclass,4.8857,11.2801
gestureclass,single_gestureclass,5.0162,11.3721
gestureclass,single_gestureclass,5.1087,11.374
gestureclass,single_gestureclass,5.2723,11.2877
gestureclass,single_gestureclass,5.3467,11.1449
gestureclass,single_gestureclass,5.352,15.4805
gestureclass,single_gestureclass,5.3609,16.1922
gestureclass,single_gestureclass,5.5323,11.4629
gestureclass,single_gestureclass,5.6279,11.6618
gestureclass,single_gestureclass,5.7778,11.4846
gestureclass,single_gestureclass,5.8124,10.5603
gestureclass,single_gestureclass,5.9791,11.4453
gestureclass,single_gestureclass,5.9967,10.2835
gestureclass,single_gestureclass,6.2012,11.3065
gestureclass,single_gestureclass,6.2476,10.613
gestureclass,single_gestureclass,6.5315,11.4315
gestureclass,single_gestureclass,6.571,10.6375
gestureclass,single_gestureclass,6.6638,11.5695
gestureclass,single_gestureclass,7.0418,11.7543
gestureclass,single_gestureclass,7.1217,11.2355
gestureclass,single_gestureclass,7.5544,11.4806
gestureclass,single_gestureclass,7.624,11.9894
gestureclass,single_gestureclass,7.7281,11.7445
gestureclass,single_gestureclass,7.8981,11.5595
gestureclass,single_gestureclass,8.0949,11.5635
gestureclass,single_gestureclass,8.2067,11.4996
gestureclass,single_gestureclass,8.3203,11.4062
gestureclass,single_gestureclass,8.3608,10.7284
gestureclass,single_gestureclass,8.5308,11.7891
gestureclass,single_gestureclass,8.5896,10.9646
gestureclass,single_gestureclass,8.7518,11.6966
gestureclass,single_gestureclass,8.7736,11.1644
gestureclass,single_gestureclass,8.8809,11.517
gestureclass,single_gestureclass,8.9946,11.4133
gestureclass,single_gestureclass,9.0692,11.2386
gestureclass,single_gestureclass,9.1015,10.556
gestureclass,single_gestureclass,9.1471,10.7915
gestureclass,single_gestureclass,9.183,10.6041
gestureclass,single_gestureclass,9.2167,10.536
gestureclass,single_gestureclass,9.4255,11.8842
gestureclass,single_gestureclass,9.7017,11.6963
gestureclass,single_gestureclass,9.8466,11.4255
gestureclass,single_gestureclass,9.9502,11.5225
gestureclass,single_gestureclass,9.9728,10.4444
gestureclass,single_gestureclass,10.0383,11.2333
gestureclass,single_gestureclass,10.5391,11.4458
gestureclass,single_gestureclass,10.6737,11.4911
gestureclass,single_gestureclass,10.7273,10.9935
gestureclass,single_gestureclass,10.8505,11.4145
gestureclass,single_gestureclass,10.955,11.8632
gestureclass,single_gestureclass,11.1151,11.6754
gestureclass,single_gestureclass,11.31,11.6017
gestureclass,single_gestureclass,11.5239,11.5154
gestureclass,single_gestureclass,11.9118,11.4532
gestureclass,single_gestureclass,11.9294,10.2842
gestureclass,single_gestureclass,11.9838,10.931
gestureclass,single_gestureclass,12.0158,10.5045
gestureclass,single_gestureclass,12.1204,11.4484
gestureclass,single_gestureclass,12.167,10.8733
gestureclass,single_gestureclass,12.241,11.7214
gestureclass,single_gestureclass,12.2978,10.994
gestureclass,single_gestureclass,12.6882,11.5829
gestureclass,single_gestureclass,12.7399,10.9093
gestureclass,single_gestureclass,12.7759,10.5779
gestureclass,single_gestureclass,13.0188,11.6587
gestureclass,single_gestureclass,13.0575,10.7768
gestureclass,single_gestureclass,13.4057,11.4655
gestureclass,single_gestureclass,13.5874,11.4512
gestureclass,single_gestureclass,13.8442,11.4098
gestureclass,single_gestureclass,14.0428,11.4298
gestureclass,single_gestureclass,14.1454,11.9011
gestureclass,single_gestureclass,14.1634,10.4425
gestureclass,single_gestureclass,14.1979,10.7417
gestureclass,single_gestureclass,14.3078,11.7452
gestureclass,single_gestureclass,14.3092,20.0701
gestureclass,single_gestureclass,14.3256,13.4323
gestureclass,single_gestureclass,14.4332,11.4748
gestureclass,single_gestureclass,14.4425,11.9565
gestureclass,single_gestureclass,14.4895,10.8476
gestureclass,single_gestureclass,14.8207,11.4496
gestureclass,single_gestureclass,14.8333,10.7975
gestureclass,single_gestureclass,14.8752,10.5996
gestureclass,single_gestureclass,15.0099,11.498
gestureclass,single_gestureclass,15.1566,11.5359
gestureclass,single_gestureclass,15.3394,11.5101
gestureclass,single_gestureclass,15.412,11.2464
gestureclass,single_gestureclass,15.4834,11.3592
gestureclass,single_gestureclass,15.5278,10.9267
gestureclass,single_gestureclass,15.7891,11.441
gestureclass,single_gestureclass,15.8466,11.0996
gestureclass,single_gestureclass,15.8868,11.2524
gestureclass,single_gestureclass,15.8942,13.8469
gestureclass,single_gestureclass,15.9821,11.3628
gestureclass,single_gestureclass,16.0306,10.8001
gestureclass,single_gestureclass,16.0515,10.3183
gestureclass,single_gestureclass,16.147,11.5316
gestureclass,single_gestureclass,16.4158,11.4722
gestureclass,single_gestureclass,16.4854,11.1098
gestureclass,single_gestureclass,16.6567,11.5049
gestureclass,single_gestureclass,16.8935,11.4067
gestureclass,single_gestureclass,17.1012,11.8382
gestureclass,single_gestureclass,17.2913,11.5292
gestureclass,single_gestureclass,17.3089,10.3014
gestureclass,single_gestureclass,17.3703,11.1122
gestureclass,single_gestureclass,17.4065,10.5751
gestureclass,single_gestureclass,17.6664,11.4205
gestureclass,single_gestureclass,17.7019,10.628
gestureclass,single_gestureclass,17.7546,10.8755
gestureclass,single_gestureclass,18.0359,11.4427
gestureclass,single_gestureclass,18.1295,11.4179
gestureclass,single_gestureclass,18.1509,10.5202
gestureclass,single_gestureclass,18.2226,11.6103
gestureclass,single_gestureclass,18.3143,11.6408
gestureclass,single_gestureclass,18.3247,10.9849
gestureclass,single_gestureclass,18.3548,10.5667
gestureclass,single_gestureclass,18.3694,10.1776
gestureclass,single_gestureclass,18.4597,11.554
gestureclass,single_gestureclass,18.6165,11.4129
gestureclass,single_gestureclass,18.689,11.3149
gestureclass,single_gestureclass,18.8446,11.6878
gestureclass,single_gestureclass,19.0996,11.7495
gestureclass,single_gestureclass,19.2595,12.8987
gestureclass,single_gestureclass,19.2599,22.2464
gestureclass,single_gestureclass,19.3403,11.0626
gestureclass,single_gestureclass,19.4415,11.2774
gestureclass,single_gestureclass,19.4689,10.267
gestureclass,single_gestureclass,19.4982,10.3185
gestureclass,single_gestureclass,19.5586,10.9999
gestureclass,single_gestureclass,19.569,10.3974
gestureclass,single_gestureclass,19.8547,11.2886
gestureclass,single_gestureclass,20.2814,11.307
gestureclass,single_gestureclass,20.476,11.5974
gestureclass,single_gestureclass,20.5777,11.246
gestureclass,single_gestureclass,20.6061,10.2913
gestureclass,single_gestureclass,20.6124,13.6559
gestureclass,single_gestureclass,20.8253,11.2116
gestureclass,single_gestureclass,20.9356,11.2584
gestureclass,single_gestureclass,21.1492,11.2729
gestureclass,single_gestureclass,21.4158,11.3981
gestureclass,single_gestureclass,21.4158,20.9661
gestureclass,single_gestureclass,21.587,11.2782
gestureclass,single_gestureclass,21.7775,11.6506
gestureclass,single_gestureclass,21.8142,10.5085
gestureclass,single_gestureclass,21.8398,10.2024
gestureclass,single_gestureclass,21.9422,11.225
gestureclass,single_gestureclass,22.0776,11.2131
gestureclass,single_gestureclass,22.1879,11.4133
gestureclass,single_gestureclass,22.1893,19.6526
gestureclass,single_gestureclass,22.5204,11.2889
gestureclass,single_gestureclass,22.821,11.2669
gestureclass,single_gestureclass,22.8464,10.196
gestureclass,single_gestureclass,22.8686,10.1831
gestureclass,single_gestureclass,22.9449,11.4479
gestureclass,single_gestureclass,23.0165,10.9496
gestureclass,single_gestureclass,23.0238,13.3636
gestureclass,single_gestureclass,23.0913,10.9737
gestureclass,single_gestureclass,23.1334,10.488
gestureclass,single_gestureclass,23.25,11.2672
gestureclass,single_gestureclass,23.3944,11.3287
gestureclass,single_gestureclass,23.4269,10.3631
gestureclass,single_gestureclass,23.4513,10.2327
gestureclass,single_gestureclass,23.5156,10.8423
gestureclass,single_gestureclass,23.6787,11.795
gestureclass,single_gestureclass,23.8177,11.297
gestureclass,single_gestureclass,23.9031,11.2658
gestureclass,single_gestureclass,23.9085,15.4171
gestureclass,single_gestureclass,23.965,10.7155
gestureclass,single_gestureclass,24.0549,11.2679
gestureclass,single_gestureclass,24.0892,10.4585
gestureclass,single_gestureclass,24.2659,11.2448
gestureclass,single_gestureclass,24.3333,10.9458
gestureclass,single_gestureclass,24.3903,10.7875
gestureclass,single_gestureclass,24.3936,17.5095
gestureclass,single_gestureclass,24.5403,11.3225
gestureclass,single_gestureclass,24.5527,10.0207
gestureclass,single_gestureclass,24.5658,10.0784
gestureclass,single_gestureclass,24.7201,11.287
gestureclass,single_gestureclass,24.9226,11.2288
gestureclass,single_gestureclass,25.01,11.1861
gestureclass,single_gestureclass,25.2364,11.2801
gestureclass,single_gestureclass,25.3889,11.2395
gestureclass,single_gestureclass,25.4392,10.695
gestureclass,single_gestureclass,25.4435,15.974
gestureclass,single_gestureclass,25.4636,10.3998
gestureclass,single_gestureclass,25.4761,10.1323
gestureclass,single_gestureclass,25.5563,11.2109
gestureclass,single_gestureclass,25.6396,11.1418
gestureclass,single_gestureclass,25.77,11.2355
gestureclass,single_gestureclass,25.8583,11.1465
gestureclass,single_gestureclass,25.9747,11.3754
gestureclass,single_gestureclass,26.0331,10.8538
gestureclass,single_gestureclass,26.0751,10.8528
gestureclass,single_gestureclass,26.124,10.7477
gestureclass,single_gestureclass,26.1799,11.2445
gestureclass,single_gestureclass,26.2492,10.9794
gestureclass,single_gestureclass,26.2823,10.3812
gestureclass,single_gestureclass,26.4729,11.3299
gestureclass,single_gestureclass,26.5764,11.2944
gestureclass,single_gestureclass,26.5917,10.092
gestureclass,single_gestureclass,26.6489,10.7968
gestureclass,single_gestureclass,26.836,11.272
gestureclass,single_gestureclass,26.9224,11.2143
gestureclass,single_gestureclass,26.9367,10.0405
gestureclass,single_gestureclass,26.9838,10.9639
gestureclass,single_gestureclass,27.0148,10.3474
gestureclass,single_gestureclass,27.1023,11.198
gestureclass,single_gestureclass,27.2097,11.2758
gestureclass,single_gestureclass,27.2971,11.1179
gestureclass,single_gestureclass,27.3493,10.7286
gestureclass,single_gestureclass,27.4402,11.2007
gestureclass,single_gestureclass,27.4524,10.0303
gestureclass,single_gestureclass,27.7308,11.2951
gestureclass,single_gestureclass,27.7772,10.7024
gestureclass,single_gestureclass,27.88,11.2257
gestureclass,single_gestureclass,27.9124,10.747
gestureclass,single_gestureclass,27.9422,10.3395
gestureclass,single_gestureclass,28.0206,11.08
gestureclass,single_gestureclass,28.3771,11.2388
gestureclass,single_gestureclass,28.5056,11.2736
gestureclass,single_gestureclass,28.641,11.2371
gestureclass,single_gestureclass,28.8125,11.251
gestureclass,single_gestureclass,28.9229,11.2584
gestureclass,single_gestureclass,28.9942,11.066
gestureclass,single_gestureclass,29.0052,10.0708
gestureclass,single_gestureclass,29.0223,10.5388
gestureclass,single_gestureclass,29.145,11.2898
gestureclass,single_gestureclass,29.1704,10.2327
gestureclass,single_gestureclass,29.1817,10.0005
gestureclass,single_gestureclass,29.1879,13.593
gestureclass,single_gestureclass,29.2014,10.1039
gestureclass,single_gestureclass,29.2096,11.6045
gestureclass,single_gestureclass,29.4235,11.3063
gestureclass,single_gestureclass,29.4358,10.0794
gestureclass,single_gestureclass,29.474,10.5226
gestureclass,single_gestureclass,29.5416,11.3842
gestureclass,single_gestureclass,29.5831,10.5078
gestureclass,single_gestureclass,29.6177,10.5054
gestureclass,single_gestureclass,29.6303,10.0946
gestureclass,single_gestureclass,29.9417,11.3635
gestureclass,single_gestureclass,30.1564,11.3358
gestureclass,single_gestureclass,30.2929,11.2848
gestureclass,single_gestureclass,30.3383,10.6473
gestureclass,single_gestureclass,30.6603,11.3142
gestureclass,single_gestureclass,30.8999,11.3666
gestureclass,single_gestureclass,30.9304,10.3488
gestureclass,single_gestureclass,31.0289,11.7576
gestureclass,single_gestureclass,31.0323,17.9377
gestureclass,single_gestureclass,31.3536,11.2987
gestureclass,single_gestureclass,31.5241,11.3442
gestureclass,single_gestureclass,31.5365,10.1411
gestureclass,single_gestureclass,31.6418,11.256
gestureclass,single_gestureclass,31.6971,10.7107
gestureclass,single_gestureclass,31.7034,14.1547
gestureclass,single_gestureclass,31.7897,11.2689
gestureclass,single_gestureclass,31.8211,10.3891
gestureclass,single_gestureclass,31.8696,11.0142
gestureclass,single_gestureclass,31.9247,10.7007
gestureclass,single_gestureclass,32.0325,11.2438
gestureclass,single_gestureclass,32.1579,11.2355
gestureclass,single_gestureclass,32.5906,11.2662
gestureclass,single_gestureclass,32.619,10.3302
gestureclass,single_gestureclass,32.7555,11.2669
gestureclass,single_gestureclass,32.8009,10.6776
gestureclass,single_gestureclass,32.8967,11.2324
gestureclass,single_gestureclass,32.985,11.2391
gestureclass,single_gestureclass,33.1735,11.7249
gestureclass,single_gestureclass,33.4035,11.22
gestureclass,single_gestureclass,33.5539,11.2958
gestureclass,single_gestureclass,33.6004,10.5431
gestureclass,single_gestureclass,33.7241,11.3444
gestureclass,single_gestureclass,33.7955,11.044
gestureclass,single_gestureclass,33.8367,10.5343
gestureclass,single_gestureclass,33.843,13.8822
gestureclass,single_gestureclass,34.004,11.2751
gestureclass,single_gestureclass,34.1834,11.3008
gestureclass,single_gestureclass,34.3089,11.312
gestureclass,single_gestureclass,34.4704,11.7271
gestureclass,single_gestureclass,34.4832,10.2782
gestureclass,single_gestureclass,34.4832,19.927
gestureclass,single_gestureclass,34.4905,22.2518
gestureclass,single_gestureclass,34.5238,10.2327
gestureclass,single_gestureclass,34.7684,11.2965
gestureclass,single_gestureclass,34.7998,10.3967
gestureclass,single_gestureclass,34.8483,10.7269
gestureclass,single_gestureclass,34.8586,10.1941
gestureclass,single_gestureclass,34.8759,10.148
gestureclass,single_gestureclass,34.9071,10.8011
gestureclass,single_gestureclass,35.0901,11.2457
gestureclass,single_gestureclass,35.1505,10.85
gestureclass,single_gestureclass,35.6018,11.25
gestureclass,single_gestureclass,35.7893,11.2576
gestureclass,single_gestureclass,35.7977,12.4776
gestureclass,single_gestureclass,35.8432,10.6106
gestureclass,single_gestureclass,36.2753,11.4021
gestureclass,single_gestureclass,36.2857,10.5655
gestureclass,single_gestureclass,36.3924,11.2627
gestureclass,single_gestureclass,36.689,11.7149
gestureclass,single_gestureclass,36.7258,10.3509
gestureclass,single_gestureclass,36.7443,10.1624
gestureclass,single_gestureclass,36.9367,11.2774
gestureclass,single_gestureclass,37.005,10.9451
gestureclass,single_gestureclass,37.1462,11.24
gestureclass,single_gestureclass,37.2455,11.2443
gestureclass,single_gestureclass,37.3249,11.1198
gestureclass,single_gestureclass,37.3781,10.6966
gestureclass,single_gestureclass,37.4779,11.2162
gestureclass,single_gestureclass,37.6654,11.2641
gestureclass,single_gestureclass,37.8099,11.601
gestureclass,single_gestureclass,37.8826,11.0176
gestureclass,single_gestureclass,37.8889,14.2324
gestureclass,single_gestureclass,37.8987,14.1582
gestureclass,single_gestureclass,37.9369,10.5653
gestureclass,single_gestureclass,38.0386,11.2634
gestureclass,single_gestureclass,38.066,10.2186
gestureclass,single_gestureclass,38.2124,11.3099
gestureclass,single_gestureclass,38.3148,11.5166
gestureclass,single_gestureclass,38.3252,10.777
gestureclass,single_gestureclass,38.3981,11.4219
gestureclass,single_gestureclass,38.4317,10.4587
gestureclass,single_gestureclass,39.0438,11.2896
gestureclass,single_gestureclass,39.0832,10.4909
gestureclass,single_gestureclass,39.2138,11.3363
gestureclass,single_gestureclass,39.3053,11.2185
gestureclass,single_gestureclass,39.6829,11.5008
gestureclass,single_gestureclass,39.683,21.1551
gestureclass,single_gestureclass,39.7212,10.3567
gestureclass,single_gestureclass,39.8167,11.3006
gestureclass,single_gestureclass,40.0042,11.6224
gestureclass,single_gestureclass,40.0086,16.8326
gestureclass,single_gestureclass,40.1226,11.2965
gestureclass,single_gestureclass,40.3322,11.2731
gestureclass,single_gestureclass,40.4065,11.0354
gestureclass,single_gestureclass,40.4497,10.685
gestureclass,single_gestureclass,40.4519,18.008
gestureclass,single_gestureclass,40.5421,11.1892
gestureclass,single_gestureclass,40.6374,11.2822
gestureclass,single_gestureclass,40.7769,11.3184
gestureclass,single_gestureclass,41.0825,11.6611
gestureclass,single_gestureclass,41.4515,11.3113
gestureclass,single_gestureclass,41.588,11.5469
gestureclass,single_gestureclass,41.5895,19.7146
gestureclass,single_gestureclass,41.6283,10.3896
gestureclass,single_gestureclass,41.6798,10.7017
gestureclass,single_gestureclass,41.7015,10.2949
gestureclass,single_gestureclass,41.785,11.2963
gestureclass,single_gestureclass,41.8304,10.5689
gestureclass,single_gestureclass,41.9581,11.353
gestureclass,single_gestureclass,42.0396,11.3525
gestureclass,single_gestureclass,42.041,19.9072
gestureclass,single_gestureclass,42.064,10.221
gestureclass,single_gestureclass,42.064,19.9375
gestureclass,single_gestureclass,42.085,10.042
gestureclass,single_gestureclass,42.1051,10.184
gestureclass,single_gestureclass,42.3246,11.2472
gestureclass,single_gestureclass,42.3909,10.9844
gestureclass,single_gestureclass,42.416,10.2453
gestureclass,single_gestureclass,42.5394,11.2593
gestureclass,single_gestureclass,42.6268,11.2524
gestureclass,single_gestureclass,42.6631,10.7906
gestureclass,single_gestureclass,42.716,10.7419
gestureclass,single_gestureclass,42.7263,10.2003
gestureclass,single_gestureclass,42.8617,11.3351
gestureclass,single_gestureclass,42.8921,10.366
gestureclass,single_gestureclass,43.0377,11.2779
gestureclass,single_gestureclass,43.107,10.922
gestureclass,single_gestureclass,43.4434,11.2934
gestureclass,single_gestureclass,43.8631,11.3039
gestureclass,single_gestureclass,43.8845,10.3245
gestureclass,single_gestureclass,43.8845,20.2787
gestureclass,single_gestureclass,43.9389,10.5252
gestureclass,single_gestureclass,44.0145,11.0402
gestureclass,single_gestureclass,44.1017,11.1661
gestureclass,single_gestureclass,44.1329,10.3123
gestureclass,single_gestureclass,44.2154,11.1268
gestureclass,single_gestureclass,44.2536,10.4854
gestureclass,single_gestureclass,44.3592,11.2078
gestureclass,single_gestureclass,44.5076,11.265
gestureclass,single_gestureclass,44.7272,11.4267
gestureclass,single_gestureclass,44.8227,11.2801
gestureclass,single_gestureclass,44.8511,10.6976
gestureclass,single_gestureclass,44.9279,11.0605
gestureclass,single_gestureclass,44.953,10.2088
gestureclass,single_gestureclass,44.9733,10.1805
gestureclass,single_gestureclass,45.0246,10.6454
gestureclass,single_gestureclass,45.0854,10.8166
gestureclass,single_gestureclass,45.1173,10.3326
gestureclass,single_gestureclass,45.1467,10.371
gestureclass,single_gestureclass,45.2062,10.7808
gestureclass,single_gestureclass,45.2921,11.1744
gestureclass,single_gestureclass,45.2974,15.7828
gestureclass,single_gestureclass,45.3153,10.0713
gestureclass,single_gestureclass,45.3354,10.1397
gestureclass,single_gestureclass,45.7931,11.2987
gestureclass,single_gestureclass,45.9376,11.1861
gestureclass,single_gestureclass,45.9998,10.8445
gestureclass,single_gestureclass,46.1309,11.2298
gestureclass,single_gestureclass,46.1462,10.0801
gestureclass,single_gestureclass,46.1524,13.5746
gestureclass,single_gestureclass,46.4543,11.2798
gestureclass,single_gestureclass,46.5787,11.7722
gestureclass,single_gestureclass,46.7187,11.2712
gestureclass,single_gestureclass,46.9653,11.2877
gestureclass,single_gestureclass,47.1318,11.4582
gestureclass,single_gestureclass,47.1421,10.8266
gestureclass,single_gestureclass,47.1443,18.3215
gestureclass,single_gestureclass,47.3248,11.3206
gestureclass,single_gestureclass,47.3843,10.8237
gestureclass,single_gestureclass,47.5573,11.3049
gestureclass,single_gestureclass,47.6658,11.358
gestureclass,single_gestureclass,47.6822,10.1838
gestureclass,single_gestureclass,47.8416,11.7526
gestureclass,single_gestureclass,47.853,10.2079
gestureclass,single_gestureclass,47.8574,15.3661
gestureclass,single_gestureclass,47.965,11.2922
gestureclass,single_gestureclass,48.0584,11.3065
gestureclass,single_gestureclass,48.317,11.3294
gestureclass,single_gestureclass,48.4475,11.3537
gestureclass,single_gestureclass,48.471,10.2243
gestureclass,single_gestureclass,48.6144,11.4183
gestureclass,single_gestureclass,48.6248,10.6168
gestureclass,single_gestureclass,48.7556,11.7521
gestureclass,single_gestureclass,48.7774,10.2232
gestureclass,single_gestureclass,48.9479,11.4794
gestureclass,single_gestureclass,48.9503,18.7118
gestureclass,single_gestureclass,48.9634,15.244
gestureclass,single_gestureclass,49.0518,11.2596
gestureclass,single_gestureclass,49.0671,10.1051
gestureclass,single_gestureclass,49.2094,11.301
gestureclass,single_gestureclass,49.2328,10.2079
gestureclass,single_gestureclass,49.3912,11.3051
gestureclass,single_gestureclass,49.4076,10.515
gestureclass,single_gestureclass,49.5143,11.395
gestureclass,single_gestureclass,49.5255,10.087
gestureclass,single_gestureclass,49.5757,10.6859
gestureclass,single_gestureclass,49.6145,10.555
gestureclass,single_gestureclass,49.7422,11.3335
gestureclass,single_gestureclass,49.7786,10.4818
gestureclass,single_gestureclass,49.9083,11.3168
gestureclass,single_gestureclass,49.9957,11.265
gestureclass,single_gestureclass,50.1903,11.3695
gestureclass,single_gestureclass,50.3338,11.7421
gestureclass,single_gestureclass,50.3412,13.8934
gestureclass,single_gestureclass,50.3822,10.5326
gestureclass,single_gestureclass,50.4198,10.479
gestureclass,single_gestureclass,50.5655,11.3306
gestureclass,single_gestureclass,50.5819,10.1297
gestureclass,single_gestureclass,50.6471,10.9735
gestureclass,single_gestureclass,50.7392,11.332
gestureclass,single_gestureclass,50.7667,10.3061
gestureclass,single_gestureclass,50.7729,13.7222
gestureclass,single_gestureclass,50.9308,11.3504
gestureclass,single_gestureclass,51.1124,11.7288
gestureclass,single_gestureclass,51.1352,10.2615
gestureclass,single_gestureclass,51.1836,10.7083
gestureclass,single_gestureclass,51.3495,11.337
gestureclass,single_gestureclass,51.4169,11.0066
gestureclass,single_gestureclass,51.433,10.1528
gestureclass,single_gestureclass,51.6925,11.3375
gestureclass,single_gestureclass,51.6999,13.6483
gestureclass,single_gestureclass,51.7037,19.4709
gestureclass,single_gestureclass,51.7543,10.5827
gestureclass,single_gestureclass,52.1633,11.7629
gestureclass,single_gestureclass,52.1872,10.231
gestureclass,single_gestureclass,52.2005,10.1082
gestureclass,single_gestureclass,52.2126,10.0937
gestureclass,single_gestureclass,52.2388,10.2811
gestureclass,single_gestureclass,52.4824,11.2903
gestureclass,single_gestureclass,52.5268,10.6051
gestureclass,single_gestureclass,52.5585,10.515
gestureclass,single_gestureclass,52.6061,10.6392
gestureclass,single_gestureclass,52.826,11.3142
gestureclass,single_gestureclass,52.8404,10.0744
gestureclass,single_gestureclass,52.9626,11.7791
gestureclass,single_gestureclass,53.0646,11.3029
gestureclass,single_gestureclass,53.1039,10.535
gestureclass,single_gestureclass,53.1786,11.0857
gestureclass,single_gestureclass,53.3559,11.3516
gestureclass,single_gestureclass,53.4184,10.8821
gestureclass,single_gestureclass,53.4323,10.1011
gestureclass,single_gestureclass,53.7328,11.3404
gestureclass,single_gestureclass,53.8093,11.1723
gestureclass,single_gestureclass,53.8315,10.2031
gestureclass,single_gestureclass,53.9589,11.7471
gestureclass,single_gestureclass,54.1148,11.2488
gestureclass,single_gestureclass,54.1212,14.4565
gestureclass,single_gestureclass,54.2138,11.342
gestureclass,single_gestureclass,54.225,10.1097
gestureclass,single_gestureclass,54.4224,11.234
gestureclass,single_gestureclass,54.4537,10.3266
gestureclass,single_gestureclass,54.6283,11.3003
gestureclass,single_gestureclass,54.6856,10.7713
gestureclass,single_gestureclass,54.8156,11.2774
gestureclass,single_gestureclass,54.829,10.4358
gestureclass,single_gestureclass,54.9405,11.2469
gestureclass,single_gestureclass,54.9749,10.4241
gestureclass,single_gestureclass,54.9874,10.0341
gestureclass,single_gestureclass,55.0125,10.2184
gestureclass,single_gestureclass,55.3891,11.2641
gestureclass,single_gestureclass,55.4846,11.199
gestureclass,single_gestureclass,55.5469,10.8063
gestureclass,single_gestureclass,55.6528,11.2715
gestureclass,single_gestureclass,55.7903,11.2405
gestureclass,single_gestureclass,55.8386,10.6232
gestureclass,single_gestureclass,55.9424,11.5685
gestureclass,single_gestureclass,56.2724,11.2274
gestureclass,single_gestureclass,56.3847,11.2224
gestureclass,single_gestureclass,56.41,10.3583
gestureclass,single_gestureclass,56.4695,10.8614
gestureclass,single_gestureclass,56.5525,11.2419
gestureclass,single_gestureclass,56.8621,11.3072
gestureclass,single_gestureclass,57.0857,11.3759
gestureclass,single_gestureclass,57.2903,11.2948
gestureclass,single_gestureclass,57.3617,11.0507
gestureclass,single_gestureclass,57.4028,10.9699
gestureclass,single_gestureclass,57.4739,11.0118
gestureclass,single_gestureclass,57.6722,11.3616
gestureclass,single_gestureclass,57.7316,10.8581
gestureclass,single_gestureclass,57.8006,10.9715
gestureclass,single_gestureclass,57.8487,10.6902
gestureclass,single_gestureclass,57.9575,11.2429
gestureclass,single_gestureclass,58.0369,11.1017
gestureclass,single_gestureclass,58.0671,10.3331
gestureclass,single_gestureclass,58.1766,11.255
gestureclass,single_gestureclass,58.2419,11.2326
gestureclass,single_gestureclass,58.2542,10.0634
gestureclass,single_gestureclass,58.2984,10.5112
gestureclass,single_gestureclass,58.415,11.2131
gestureclass,single_gestureclass,58.4534,10.4597
gestureclass,single_gestureclass,58.7472,11.3146
gestureclass,single_gestureclass,58.8286,11.1315
gestureclass,single_gestureclass,58.9899,11.2705
gestureclass,single_gestureclass,59.1744,11.2391
gestureclass,single_gestureclass,59.1968,10.191
gestureclass,single_gestureclass,59.2581,11.5037
gestureclass,single_gestureclass,59.2684,10.8163
gestureclass,single_gestureclass,59.3574,11.2138
gestureclass,single_gestureclass,59.4227,10.9169
gestureclass,single_gestureclass,59.4557,10.3779
gestureclass,single_gestureclass,59.4731,10.1061
gestureclass,single_gestureclass,59.5403,10.9394
gestureclass,single_gestureclass,59.6344,11.3142
gestureclass,single_gestureclass,59.6418,13.5965
gestureclass,single_gestureclass,59.6456,19.4249
gestureclass,single_gestureclass,59.7071,10.767
gestureclass,single_gestureclass,59.8511,11.6811
gestureclass,single_gestureclass,59.8798,10.3066
gestureclass,single_gestureclass,59.9272,10.627
gestureclass,single_gestureclass,59.952,10.3211
gestureclass,single_gestureclass,60.0004,10.6356
gestureclass,single_gestureclass,60.3074,11.2679
gestureclass,single_gestureclass,60.3457,10.4923
gestureclass,single_gestureclass,60.4874,11.2779
gestureclass,single_gestureclass,60.5618,11.0958
gestureclass,single_gestureclass,60.595,10.4918
gestureclass,single_gestureclass,60.6065,10.4656
gestureclass,single_gestureclass,60.6191,10.0565
gestureclass,single_gestureclass,60.6973,11.1923
gestureclass,single_gestureclass,60.7155,10.1545
gestureclass,single_gestureclass,61.0391,11.2734
gestureclass,single_gestureclass,61.0475,12.5151
gestureclass,single_gestureclass,61.3143,11.3246
gestureclass,single_gestureclass,61.3447,10.3028
gestureclass,single_gestureclass,61.35,14.6616
gestureclass,single_gestureclass,61.5178,11.2882
gestureclass,single_gestureclass,61.6353,11.2932
gestureclass,single_gestureclass,61.6917,11.1976
gestureclass,single_gestureclass,61.9752,11.2669
gestureclass,single_gestureclass,62.0606,11.1868
gestureclass,single_gestureclass,62.0679,13.4623
gestureclass,single_gestureclass,62.2096,11.2746
gestureclass,single_gestureclass,62.248,10.4282
gestureclass,single_gestureclass,62.2655,10.1562
gestureclass,single_gestureclass,62.3718,11.282
gestureclass,single_gestureclass,62.4592,11.2238
gestureclass,single_gestureclass,62.4825,10.2034
gestureclass,single_gestureclass,62.5078,10.601
gestureclass,single_gestureclass,62.5865,11.1778
gestureclass,single_gestureclass,62.6057,10.1769
gestureclass,single_gestureclass,62.632,10.3123
gestureclass,single_gestureclass,62.6634,10.3371
gestureclass,single_gestureclass,62.6948,10.4206
gestureclass,single_gestureclass,62.8094,11.277
gestureclass,single_gestureclass,62.8367,10.2603
gestureclass,single_gestureclass,62.9592,11.3058
gestureclass,single_gestureclass,63.0236,10.9255
gestureclass,single_gestureclass,63.0446,10.545
gestureclass,single_gestureclass,63.0872,10.5124
gestureclass,single_gestureclass,63.2369,11.24
gestureclass,single_gestureclass,63.3694,11.3037
gestureclass,single_gestureclass,63.3948,10.2658
gestureclass,single_gestureclass,63.4782,11.2336
gestureclass,single_gestureclass,63.5505,11.0865
gestureclass,single_gestureclass,63.8279,11.3022
gestureclass,single_gestureclass,63.8744,10.5562
gestureclass,single_gestureclass,64.0161,11.2634
gestureclass,single_gestureclass,64.2997,11.2653
gestureclass,single_gestureclass,64.3521,11.0679
gestureclass,single_gestureclass,64.5034,11.5209
gestureclass,single_gestureclass,64.5058,18.7142
gestureclass,single_gestureclass,64.5256,10.0358
gestureclass,single_gestureclass,64.5657,10.5388
gestureclass,single_gestureclass,64.8155,11.2634
gestureclass,single_gestureclass,64.8489,10.3645
gestureclass,single_gestureclass,64.9794,11.2295
gestureclass,single_gestureclass,64.9858,14.4484
gestureclass,single_gestureclass,65.1454,11.3113
gestureclass,single_gestureclass,65.1878,10.9084
gestureclass,single_gestureclass,65.2869,11.2114
gestureclass,single_gestureclass,65.3972,11.2727
gestureclass,single_gestureclass,65.7539,11.2448
gestureclass,single_gestureclass,65.7972,10.5369
gestureclass,single_gestureclass,65.9029,11.2004
gestureclass,single_gestureclass,66.0023,11.2667
gestureclass,single_gestureclass,66.0406,10.3865
gestureclass,single_gestureclass,66.0881,10.6614
gestureclass,single_gestureclass,66.1088,10.1717
gestureclass,single_gestureclass,66.1361,10.6404
gestureclass,single_gestureclass,66.1738,10.4353
gestureclass,single_gestureclass,66.3655,11.4686
gestureclass,single_gestureclass,66.3758,10.7107
gestureclass,single_gestureclass,66.3906,10.0989
gestureclass,single_gestureclass,66.4899,11.2574
gestureclass,single_gestureclass,66.5132,10.184
gestureclass,single_gestureclass,66.6916,11.2877
gestureclass,single_gestureclass,66.696,16.485
gestureclass,single_gestureclass,66.7595,10.8507
gestureclass,single_gestureclass,66.7925,10.3707
gestureclass,single_gestureclass,66.8069,10.4492
gestureclass,single_gestureclass,66.8805,11.0087
gestureclass,single_gestureclass,67.1548,11.251
gestureclass,single_gestureclass,67.2141,10.7815
gestureclass,single_gestureclass,67.3641,11.2071
gestureclass,single_gestureclass,67.4254,10.7963
gestureclass,single_gestureclass,67.5484,11.2288
gestureclass,single_gestureclass,67.5737,10.3624
gestureclass,single_gestureclass,67.6422,10.9742
gestureclass,single_gestureclass,67.6672,10.3297
gestureclass,single_gestureclass,67.7587,11.636
gestureclass,single_gestureclass,67.8605,11.2278
gestureclass,single_gestureclass,68.081,11.3032
gestureclass,single_gestureclass,68.3046,11.3034
gestureclass,single_gestureclass,68.424,11.3239
gestureclass,single_gestureclass,68.4955,10.9928
gestureclass,single_gestureclass,68.5515,10.7586
gestureclass,single_gestureclass,68.6164,10.9544
gestureclass,single_gestureclass,68.7045,11.174
gestureclass,single_gestureclass,68.7378,10.3364
gestureclass,single_gestureclass,68.8142,11.4858
gestureclass,single_gestureclass,68.9088,11.1785
gestureclass,single_gestureclass,68.9221,10.0718
gestureclass,single_gestureclass,69.0013,11.1876
gestureclass,single_gestureclass,69.0186,10.1626
gestureclass,single_gestureclass,69.0888,10.9563
gestureclass,single_gestureclass,69.1159,10.2272
gestureclass,single_gestureclass,69.4174,11.2817
gestureclass,single_gestureclass,69.5699,11.2793
gestureclass,single_gestureclass,69.8065,11.2612
gestureclass,single_gestureclass,69.8949,11.2019
gestureclass,single_gestureclass,69.9712,11.59
gestureclass,single_gestureclass,70.151,11.2114
gestureclass,single_gestureclass,70.1633,10.0377
gestureclass,single_gestureclass,70.3946,11.2274
gestureclass,single_gestureclass,70.4469,10.7
gestureclass,single_gestureclass,70.4927,10.5515
gestureclass,single_gestureclass,70.5154,10.2236
gestureclass,single_gestureclass,71.0131,11.3463
gestureclass,single_gestureclass,71.0205,13.54
gestureclass,single_gestureclass,71.1592,11.3139
gestureclass,single_gestureclass,71.2387,11.5738
gestureclass,single_gestureclass,71.2914,10.7255
gestureclass,single_gestureclass,71.5274,11.3404
gestureclass,single_gestureclass,71.6749,11.3962
gestureclass,single_gestureclass,71.7544,11.117
gestureclass,single_gestureclass,71.7906,10.5679
gestureclass,single_gestureclass,71.9024,11.2896
gestureclass,single_gestureclass,72.0188,11.3375
gestureclass,single_gestureclass,72.1133,11.3337
gestureclass,single_gestureclass,72.1517,10.4818
gestureclass,single_gestureclass,72.1973,11.0595
gestureclass,single_gestureclass,72.3996,11.3223
gestureclass,single_gestureclass,72.452,10.788
gestureclass,single_gestureclass,72.5159,10.9246
gestureclass,single_gestureclass,72.5659,10.8008
gestureclass,single_gestureclass,72.6529,11.2422
gestureclass,single_gestureclass,73.0756,11.3189
gestureclass,single_gestureclass,73.099,10.2198
gestureclass,single_gestureclass,73.2064,11.2495
gestureclass,single_gestureclass,73.2507,10.4909
gestureclass,single_gestureclass,73.2723,10.1771
gestureclass,single_gestureclass,73.6739,11.8036
gestureclass,single_gestureclass,73.7679,11.2631
gestureclass,single_gestureclass,73.8632,11.2455
gestureclass,single_gestureclass,73.9686,11.312
gestureclass,single_gestureclass,73.988,10.1073
gestureclass,single_gestureclass,74.0122,10.2286
gestureclass,single_gestureclass,74.0595,10.649
gestureclass,single_gestureclass,74.1754,11.2147
gestureclass,single_gestureclass,74.2597,11.1685
gestureclass,single_gestureclass,74.2909,10.3643
gestureclass,single_gestureclass,74.4855,11.6651
gestureclass,single_gestureclass,74.8025,11.3568
gestureclass,single_gestureclass,74.8059,17.7279
gestureclass,single_gestureclass,74.8307,10.174
gestureclass,single_gestureclass,75.1853,11.3614
gestureclass,single_gestureclass,75.2317,10.6976
gestureclass,single_gestureclass,75.2755,10.5269
gestureclass,single_gestureclass,75.5514,11.2827
gestureclass,single_gestureclass,75.6098,10.8414
gestureclass,single_gestureclass,75.8209,11.2936
gestureclass,single_gestureclass,75.9263,11.6723
gestureclass,single_gestureclass,76.1372,11.4398
gestureclass,single_gestureclass,76.1386,19.6803
gestureclass,single_gestureclass,76.1448,23.138
gestureclass,single_gestureclass,76.2521,11.2767
gestureclass,single_gestureclass,76.4466,11.3091
gestureclass,single_gestureclass,76.6021,11.375
gestureclass,single_gestureclass,76.6736,10.967
gestureclass,single_gestureclass,76.7597,11.1384
gestureclass,single_gestureclass,76.7661,14.4355
gestureclass,single_gestureclass,76.7673,22.9762
gestureclass,single_gestureclass,76.9215,11.6706
gestureclass,single_gestureclass,76.9622,10.4561
gestureclass,single_gestureclass,77.2,11.2479
gestureclass,single_gestureclass,77.3764,11.2791
gestureclass,single_gestureclass,77.4108,10.5109
gestureclass,single_gestureclass,77.4984,11.2486
gestureclass,single_gestureclass,77.5198,10.2713
gestureclass,single_gestureclass,77.5471,10.3118
gestureclass,single_gestureclass,77.9509,11.3218
gestureclass,single_gestureclass,78.0053,10.7546
gestureclass,single_gestureclass,78.2173,11.6909
gestureclass,single_gestureclass,78.2661,10.6471
gestureclass,single_gestureclass,78.5741,11.2638
gestureclass,single_gestureclass,78.7706,11.2157
gestureclass,single_gestureclass,78.8259,10.766
gestureclass,single_gestureclass,78.9128,11.2936
gestureclass,single_gestureclass,78.9982,11.1732
gestureclass,single_gestureclass,79.0017,17.386
gestureclass,single_gestureclass,79.0261,10.0994
gestureclass,single_gestureclass,79.0853,10.772
gestureclass,single_gestureclass,79.1172,10.761
gestureclass,single_gestureclass,79.134,10.0148
gestureclass,single_gestureclass,79.2011,10.9692
gestureclass,single_gestureclass,79.2512,10.6323
gestureclass,single_gestureclass,79.2969,10.6151
gestureclass,single_gestureclass,79.4758,11.2491
gestureclass,single_gestureclass,79.5481,11.086
gestureclass,single_gestureclass,79.6093,10.8812
gestureclass,single_gestureclass,79.6166,13.1755
gestureclass,single_gestureclass,79.8291,11.3177
gestureclass,single_gestureclass,79.8735,10.5834
gestureclass,single_gestureclass,79.9752,11.6563
gestureclass,single_gestureclass,80.052,11.0729
gestureclass,single_gestureclass,80.2734,11.3711
gestureclass,single_gestureclass,80.3168,10.4785
gestureclass,single_gestureclass,80.3964,11.2624
gestureclass,single_gestureclass,80.4068,10.5221
gestureclass,single_gestureclass,80.6005,11.4696
gestureclass,single_gestureclass,80.6109,10.7057
gestureclass,single_gestureclass,80.6191,12.2414
gestureclass,single_gestureclass,80.7695,11.2789
gestureclass,single_gestureclass,80.936,11.744
gestureclass,single_gestureclass,80.9778,10.5407
gestureclass,single_gestureclass,81.0365,10.9482
gestureclass,single_gestureclass,81.1336,11.2691
gestureclass,single_gestureclass,81.25,11.307
gestureclass,single_gestureclass,81.4215,11.3225
gestureclass,single_gestureclass,81.7782,11.3328
gestureclass,single_gestureclass,81.8237,10.5786
gestureclass,single_gestureclass,81.9624,11.2958
gestureclass,single_gestureclass,82.0388,11.1661
gestureclass,single_gestureclass,82.1252,11.7197
gestureclass,single_gestureclass,82.225,11.2383
gestureclass,single_gestureclass,82.2304,15.4338
gestureclass,single_gestureclass,82.2559,10.2255
gestureclass,single_gestureclass,82.4604,11.2743
gestureclass,single_gestureclass,82.4678,13.5167
gestureclass,single_gestureclass,82.4884,10.1454
gestureclass,single_gestureclass,82.7899,11.5199
gestureclass,single_gestureclass,82.7923,18.7783
gestureclass,single_gestureclass,82.8752,11.167
gestureclass,single_gestureclass,82.9005,10.3402
gestureclass,single_gestureclass,82.9219,10.6108
gestureclass,single_gestureclass,82.9301,12.0249
gestureclass,single_gestureclass,82.9712,10.617
gestureclass,single_gestureclass,82.9765,14.9472
gestureclass,single_gestureclass,82.9798,21.3692
gestureclass,single_gestureclass,83.0692,11.2197
gestureclass,single_gestureclass,83.1226,10.8504
gestureclass,single_gestureclass,83.1585,10.4315
gestureclass,single_gestureclass,83.2,10.5908
gestureclass,single_gestureclass,83.2617,10.8378
gestureclass,single_gestureclass,83.265,17.5409
gestureclass,single_gestureclass,83.3117,10.5803
gestureclass,single_gestureclass,83.3443,10.4125
gestureclass,single_gestureclass,83.6241,11.3511
gestureclass,single_gestureclass,83.8266,11.2793
gestureclass,single_gestureclass,83.884,10.8669
gestureclass,single_gestureclass,83.973,11.2467
gestureclass,single_gestureclass,84.1825,11.2641
gestureclass,single_gestureclass,84.1909,12.4955
gestureclass,single_gestureclass,84.1978,15.2113
gestureclass,single_gestureclass,84.3843,11.7536
gestureclass,single_gestureclass,84.7554,11.4284
gestureclass,single_gestureclass,84.7658,10.6089
gestureclass,single_gestureclass,84.8646,11.2824
gestureclass,single_gestureclass,84.871,14.5013
gestureclass,single_gestureclass,84.9556,11.1852
gestureclass,single_gestureclass,84.9859,10.3796
gestureclass,single_gestureclass,85.0084,10.1867
gestureclass,single_gestureclass,85.1637,11.2836
gestureclass,single_gestureclass,85.2021,10.4303
gestureclass,single_gestureclass,85.2496,10.639
gestureclass,single_gestureclass,85.4505,11.7085
gestureclass,single_gestureclass,85.4683,10.2043
gestureclass,single_gestureclass,85.5316,10.8509
gestureclass,single_gestureclass,86.003,11.2717
gestureclass,single_gestureclass,86.0473,10.5748
gestureclass,single_gestureclass,86.14,11.3161
gestureclass,single_gestureclass,86.2175,11.0381
gestureclass,single_gestureclass,86.2386,10.2458
gestureclass,single_gestureclass,86.4831,11.2901
gestureclass,single_gestureclass,86.5595,11.0507
gestureclass,single_gestureclass,86.6607,11.7099
gestureclass,single_gestureclass,86.6955,10.4213
gestureclass,single_gestureclass,86.7891,11.2321
gestureclass,single_gestureclass,86.9505,11.2474
gestureclass,single_gestureclass,86.9549,16.4509
gestureclass,single_gestureclass,87.1606,11.3406
gestureclass,single_gestureclass,87.183,10.1883
gestureclass,single_gestureclass,87.2483,10.9177
gestureclass,single_gestureclass,87.2516,17.2534
gestureclass,single_gestureclass,87.2809,10.2441
gestureclass,single_gestureclass,87.4694,11.658
gestureclass,single_gestureclass,87.4881,10.1128
gestureclass,single_gestureclass,87.4913,16.6445
gestureclass,single_gestureclass,87.4965,21.1048
gestureclass,single_gestureclass,87.5587,10.7138
gestureclass,single_gestureclass,87.7196,11.2629
gestureclass,single_gestureclass,87.724,16.4995
gestureclass,single_gestureclass,87.7856,10.8185
gestureclass,single_gestureclass,88.0287,11.261
gestureclass,single_gestureclass,88.048,10.1826
gestureclass,single_gestureclass,88.1464,11.2927
gestureclass,single_gestureclass,88.2208,11.4658
gestureclass,single_gestureclass,88.2333,9.9761
gestureclass,single_gestureclass,88.2784,10.6101
gestureclass,single_gestureclass,88.4022,11.2929
gestureclass,single_gestureclass,88.6127,11.2858
gestureclass,single_gestureclass,88.7011,11.2901
gestureclass,single_gestureclass,88.7135,9.9995
gestureclass,single_gestureclass,88.9518,11.2882
gestureclass,single_gestureclass,89.3055,11.266
gestureclass,single_gestureclass,89.4029,11.2872
gestureclass,single_gestureclass,89.5524,11.6329
gestureclass,single_gestureclass,89.6371,11.2143
gestureclass,single_gestureclass,89.7125,11.1344
gestureclass,single_gestureclass,89.7128,20.5328
gestureclass,single_gestureclass,89.7704,10.6986
gestureclass,single_gestureclass,89.8472,11.142
gestureclass,single_gestureclass,89.9355,11.2507
gestureclass,single_gestureclass,90.0589,11.2753
gestureclass,single_gestureclass,90.2024,11.2135
gestureclass,single_gestureclass,90.3368,11.2886
gestureclass,single_gestureclass,90.6014,11.7116
gestureclass,single_gestureclass,90.6402,10.443
gestureclass,single_gestureclass,90.7318,11.1816
gestureclass,single_gestureclass,91.0684,11.2629
gestureclass,single_gestureclass,91.0897,10.1702
gestureclass,single_gestureclass,91.4463,11.3049
gestureclass,single_gestureclass,91.4687,10.2596
gestureclass,single_gestureclass,91.5841,11.2193
gestureclass,single_gestureclass,91.6114,10.2868
gestureclass,single_gestureclass,91.8029,11.2147
gestureclass,single_gestureclass,91.9453,11.3037
gestureclass,single_gestureclass,91.9837,10.9036
gestureclass,single_gestureclass,92.1458,11.3561
gestureclass,single_gestureclass,92.1522,14.5595
gestureclass,single_gestureclass,92.1602,16.1889
gestureclass,single_gestureclass,92.1748,11.2693
gestureclass,single_gestureclass,92.5245,11.3666
gestureclass,single_gestureclass,92.8893,11.2841
gestureclass,single_gestureclass,92.8967,13.4096
gestureclass,single_gestureclass,92.898,21.8351
gestureclass,single_gestureclass,92.9389,10.3765
gestureclass,single_gestureclass,93.0404,11.7431
gestureclass,single_gestureclass,93.0903,10.6425
gestureclass,single_gestureclass,93.0976,13.0033
gestureclass,single_gestureclass,93.1497,10.7229
gestureclass,single_gestureclass,93.1855,10.4744
gestureclass,single_gestureclass,93.3201,11.3885
gestureclass,single_gestureclass,93.3314,10.0713
gestureclass,single_gestureclass,93.4186,11.2355
gestureclass,single_gestureclass,93.7612,11.3001
gestureclass,single_gestureclass,93.8446,11.1985
gestureclass,single_gestureclass,94.023,11.7865
gestureclass,single_gestureclass,94.0429,10.201
gestureclass,single_gestureclass,94.0572,10.0908
gestureclass,single_gestureclass,94.0964,10.4909
gestureclass,single_gestureclass,94.219,11.2488
gestureclass,single_gestureclass,94.2474,10.3185
gestureclass,single_gestureclass,94.2798,10.4148
gestureclass,single_gestureclass,94.4034,11.2627
gestureclass,single_gestureclass,94.6669,11.2894
gestureclass,single_gestureclass,94.8384,11.3173
gestureclass,single_gestureclass,94.8828,10.674
gestureclass,single_gestureclass,95.0247,11.7726
gestureclass,single_gestureclass,95.0351,10.9379
gestureclass,single_gestureclass,95.0681,10.4465
gestureclass,single_gestureclass,95.0856,10.1011
gestureclass,single_gestureclass,95.1458,10.9518
gestureclass,single_gestureclass,95.1689,10.2565
gestureclass,single_gestureclass,95.3974,11.2941
gestureclass,single_gestureclass,95.4048,13.5121
gestureclass,single_gestureclass,95.4574,10.6761
gestureclass,single_gestureclass,95.4762,10.2184
gestureclass,single_gestureclass,95.4934,10.5135
gestureclass,single_gestureclass,95.5731,11.1573
gestureclass,single_gestureclass,95.8446,11.3063
gestureclass,single_gestureclass,95.851,14.5094
gestureclass,single_gestureclass,95.9386,11.2362
gestureclass,single_gestureclass,96.034,11.2581
gestureclass,single_gestureclass,96.2684,11.2936
gestureclass,single_gestureclass,96.4559,11.3096
gestureclass,single_gestureclass,96.6154,11.2548
gestureclass,single_gestureclass,96.879,11.317
gestureclass,single_gestureclass,96.9444,11.2858
gestureclass,single_gestureclass,97.0348,11.2724
gestureclass,single_gestureclass,97.1913,11.2631
gestureclass,single_gestureclass,97.2307,10.4806
gestureclass,single_gestureclass,97.2369,13.8774
gestureclass,single_gestureclass,97.2452,15.2364
gestureclass,single_gestureclass,97.5898,11.3583
gestureclass,single_gestureclass,98.1668,11.3375
gestureclass,single_gestureclass,98.2483,11.179
gestureclass,single_gestureclass,98.5148,11.2171
gestureclass,single_gestureclass,98.6592,11.308
gestureclass,single_gestureclass,98.6946,10.9241
gestureclass,single_gestureclass,98.7296,10.4265
gestureclass,single_gestureclass,98.8592,11.2877
gestureclass,single_gestureclass,98.9006,10.5093
gestureclass,single_gestureclass,99.0633,11.4813
gestureclass,single_gestureclass,99.0647,19.697
gestureclass,single_gestureclass,99.1155,13.5453
gestureclass,single_gestureclass,99.1532,10.5245
gestureclass,single_gestureclass,99.2999,11.2514
gestureclass,single_gestureclass,99.3212,10.2599
gestureclass,single_gestureclass,99.3626,10.987
gestureclass,single_gestureclass,99.5668,11.4081
gestureclass,single_gestureclass,99.6704,11.2851
gestureclass,single_gestureclass,99.7478,11.2016
gestureclass,single_gestureclass,99.8922,11.312
gestureclass,single_gestureclass,99.9997,11.261
gestureclass,single_gestureclass,100.1061,11.2369
gestureclass,single_gestureclass,100.1384,10.3121
gestureclass,single_gestureclass,100.2619,11.2894
gestureclass,single_gestureclass,100.5555,11.286
gestureclass,single_gestureclass,100.6149,11.235
gestureclass,single_gestureclass,100.7163,11.2813
gestureclass,single_gestureclass,100.8387,11.3301
gestureclass,single_gestureclass,100.8691,10.4091
gestureclass,single_gestureclass,100.8714,17.7786
gestureclass,single_gestureclass,101.0284,11.3134
gestureclass,single_gestureclass,101.0438,10.0954
gestureclass,single_gestureclass,101.095,10.7207
gestureclass,single_gestureclass,101.1208,10.3312
gestureclass,single_gestureclass,101.1622,10.4997
gestureclass,single_gestureclass,101.3219,11.2414
gestureclass,single_gestureclass,101.4113,11.6489
gestureclass,single_gestureclass,101.435,10.3123
gestureclass,single_gestureclass,101.5214,11.2748
gestureclass,single_gestureclass,101.5518,10.3178
gestureclass,single_gestureclass,101.7164,11.2405
gestureclass,single_gestureclass,101.7957,11.0776
gestureclass,single_gestureclass,102.0001,11.3306
gestureclass,single_gestureclass,102.1506,11.2591
gestureclass,single_gestureclass,102.261,11.2791
gestureclass,single_gestureclass,102.3584,11.2867
gestureclass,single_gestureclass,102.5299,11.6527
gestureclass,single_gestureclass,102.5383,12.8558
gestureclass,single_gestureclass,102.5543,10.0839
gestureclass,single_gestureclass,102.6275,11.0993
gestureclass,single_gestureclass,102.6396,9.9812
gestureclass,single_gestureclass,102.6947,10.7565
gestureclass,single_gestureclass,102.7095,10.0996
gestureclass,single_gestureclass,102.7387,10.5045
gestureclass,single_gestureclass,102.74,18.8904
gestureclass,single_gestureclass,103.2774,11.2753
gestureclass,single_gestureclass,103.3308,11.0497
gestureclass,single_gestureclass,103.475,11.1964
gestureclass,single_gestureclass,103.4794,16.4413
gestureclass,single_gestureclass,103.607,11.2233
gestureclass,single_gestureclass,103.7234,11.2448
gestureclass,single_gestureclass,103.7667,10.4465
gestureclass,single_gestureclass,103.8853,11.2526
gestureclass,single_gestureclass,103.9777,11.2927
gestureclass,single_gestureclass,104.0111,10.3724
gestureclass,single_gestureclass,104.0295,10.1731
gestureclass,single_gestureclass,104.0428,10.3867
gestureclass,single_gestureclass,104.0922,10.5829
gestureclass,single_gestureclass,104.181,11.1375
gestureclass,single_gestureclass,104.3563,11.204
gestureclass,single_gestureclass,104.5027,11.2083
gestureclass,single_gestureclass,104.538,10.474
gestureclass,single_gestureclass,104.6346,11.3306
gestureclass,single_gestureclass,104.8882,11.2855
gestureclass,single_gestureclass,104.9676,11.0779
gestureclass,single_gestureclass,105.202,11.4577
gestureclass,single_gestureclass,105.2124,10.7512
gestureclass,single_gestureclass,105.3023,11.6715
gestureclass,single_gestureclass,105.4201,11.4498
gestureclass,single_gestureclass,105.4225,18.6024
gestureclass,single_gestureclass,105.7305,11.3037
gestureclass,single_gestureclass,105.877,11.2803
gestureclass,single_gestureclass,106.2847,11.2638
gestureclass,single_gestureclass,106.5793,11.3242
gestureclass,single_gestureclass,106.5987,10.1578
gestureclass,single_gestureclass,106.698,11.1947
gestureclass,single_gestureclass,106.7443,10.6671
gestureclass,single_gestureclass,106.8681,11.6782
gestureclass,single_gestureclass,107.009,11.2345
gestureclass,single_gestureclass,107.0473,10.4599
gestureclass,single_gestureclass,107.0949,10.6409
gestureclass,single_gestureclass,107.1476,10.6652
gestureclass,single_gestureclass,107.1854,10.4706
gestureclass,single_gestureclass,107.1886,16.8242
gestureclass,single_gestureclass,107.2215,10.3052
gestureclass,single_gestureclass,107.347,11.2519
gestureclass,single_gestureclass,107.4034,10.7424
gestureclass,single_gestureclass,107.5102,11.7362
gestureclass,single_gestureclass,107.9825,11.3356
gestureclass,single_gestureclass,107.9969,10.0801
gestureclass,single_gestureclass,108.0461,10.6442
gestureclass,single_gestureclass,108.297,11.2121
gestureclass,single_gestureclass,108.6506,11.3242
gestureclass,single_gestureclass,108.717,10.8798
gestureclass,single_gestureclass,108.8241,11.2677
gestureclass,single_gestureclass,108.8394,10.0498
gestureclass,single_gestureclass,109.334,11.3201
gestureclass,single_gestureclass,109.4145,11.2953
gestureclass,single_gestureclass,109.4249,10.9346
gestureclass,single_gestureclass,109.7472,11.2953
gestureclass,single_gestureclass,109.8386,11.2519
gestureclass,single_gestureclass,110.0832,11.2791
gestureclass,single_gestureclass,110.1625,11.0493
gestureclass,single_gestureclass,110.1709,12.2957
gestureclass,single_gestureclass,110.2714,11.265
gestureclass,single_gestureclass,110.3427,11.0133
gestureclass,single_gestureclass,110.584,11.2448
gestureclass,single_gestureclass,110.7905,11.2476
gestureclass,single_gestureclass,110.8779,11.5795
gestureclass,single_gestureclass,110.9786,11.2026
gestureclass,single_gestureclass,111.0409,10.879
gestureclass,single_gestureclass,111.1019,10.8507
gestureclass,single_gestureclass,111.1849,11.2236
gestureclass,single_gestureclass,111.2622,11.1401
gestureclass,single_gestureclass,111.4046,11.255
gestureclass,single_gestureclass,111.4099,15.4579
gestureclass,single_gestureclass,111.6236,11.3232
gestureclass,single_gestureclass,111.9103,11.2779
gestureclass,single_gestureclass,111.9147,16.4974
gestureclass,single_gestureclass,111.9413,10.5977
gestureclass,single_gestureclass,112.1311,11.3113
gestureclass,single_gestureclass,112.2566,11.2226
gestureclass,single_gestureclass,112.2999,10.5784
gestureclass,single_gestureclass,112.3375,10.4175
gestureclass,single_gestureclass,112.3891,10.6657
gestureclass,single_gestureclass,112.4738,11.1687
gestureclass,single_gestureclass,112.5992,11.2977
gestureclass,single_gestureclass,112.6586,10.8087
gestureclass,single_gestureclass,112.6945,10.4687
gestureclass,single_gestureclass,112.8181,11.6031
gestureclass,single_gestureclass,112.9919,11.225
gestureclass,single_gestureclass,113.0132,10.1624
gestureclass,single_gestureclass,113.0505,10.5338
gestureclass,single_gestureclass,113.2052,11.4617
gestureclass,single_gestureclass,113.2076,18.7078
gestureclass,single_gestureclass,113.2218,14.1587
gestureclass,single_gestureclass,113.4152,11.2352
gestureclass,single_gestureclass,113.4545,10.5684
gestureclass,single_gestureclass,113.5562,11.2848
gestureclass,single_gestureclass,113.7457,11.6999
gestureclass,single_gestureclass,113.8345,11.1516
gestureclass,single_gestureclass,113.9929,11.2741
gestureclass,single_gestureclass,114.0523,10.85
gestureclass,single_gestureclass,114.1463,11.2472
gestureclass,single_gestureclass,114.1696,10.2
gestureclass,single_gestureclass,114.2259,10.8364
gestureclass,single_gestureclass,114.489,11.2097
gestureclass,single_gestureclass,114.8186,11.2724
gestureclass,single_gestureclass,114.852,10.3655
gestureclass,single_gestureclass,114.9635,11.2503
gestureclass,single_gestureclass,115.164,11.6043
gestureclass,single_gestureclass,115.1877,10.1142
gestureclass,single_gestureclass,115.362,11.2233
gestureclass,single_gestureclass,115.3833,10.1764
gestureclass,single_gestureclass,115.4126,10.2932
gestureclass,single_gestureclass,115.463,10.6707
gestureclass,single_gestureclass,115.4857,10.216
gestureclass,single_gestureclass,115.5851,11.2619
gestureclass,single_gestureclass,115.6625,11.3463
gestureclass,single_gestureclass,115.6649,18.6064
gestureclass,single_gestureclass,116.0359,12.0192
gestureclass,single_gestureclass,116.0383,19.1815
gestureclass,single_gestureclass,116.056,11.1151
gestureclass,single_gestureclass,116.1292,11.0669
gestureclass,single_gestureclass,116.1614,10.4754
gestureclass,single_gestureclass,116.3211,11.3165
gestureclass,single_gestureclass,116.4265,11.3063
gestureclass,single_gestureclass,116.4819,10.7827
gestureclass,single_gestureclass,116.4862,16.1228
gestureclass,single_gestureclass,116.5675,11.1814
gestureclass,single_gestureclass,116.7389,11.7192
gestureclass,single_gestureclass,117.0039,11.2102
gestureclass,single_gestureclass,117.0083,16.4707
gestureclass,single_gestureclass,117.0879,11.116
gestureclass,single_gestureclass,117.1041,10.0861
gestureclass,single_gestureclass,117.3775,11.3053
gestureclass,single_gestureclass,117.59,11.2751
gestureclass,single_gestureclass,117.6614,10.973
gestureclass,single_gestureclass,117.7996,11.2739
gestureclass,single_gestureclass,117.875,11.0221
gestureclass,single_gestureclass,117.9541,11.5547
gestureclass,single_gestureclass,118.1819,11.2495
gestureclass,single_gestureclass,118.3044,11.4639
gestureclass,single_gestureclass,118.3057,19.7396
gestureclass,single_gestureclass,118.3916,11.1036
gestureclass,single_gestureclass,118.4678,11.0495
gestureclass,single_gestureclass,118.517,10.6575
gestureclass,single_gestureclass,118.5337,10.0822
gestureclass,single_gestureclass,118.699,11.2557
gestureclass,single_gestureclass,118.7643,10.9038
gestureclass,single_gestureclass,118.8574,11.2147
gestureclass,single_gestureclass,119.1569,11.6749
gestureclass,single_gestureclass,119.4489,11.2495
gestureclass,single_gestureclass,119.4803,10.2963
gestureclass,single_gestureclass,119.5517,10.9787
gestureclass,single_gestureclass,119.5867,10.4599
gestureclass,single_gestureclass,119.591,15.8467
gestureclass,single_gestureclass,119.76,11.3363
gestureclass,single_gestureclass,119.8756,11.2886
gestureclass,single_gestureclass,119.991,11.3795
gestureclass,single_gestureclass,119.9944,17.617
gestureclass,single_gestureclass,120.0281,10.72
gestureclass,single_gestureclass,120.108,11.1563
gestureclass,single_gestureclass,120.1212,9.9943
gestureclass,single_gestureclass,120.1843,10.8554
gestureclass,single_gestureclass,120.2613,11.1334
gestureclass,single_gestureclass,120.3035,10.561
gestureclass,single_gestureclass,120.3511,10.6599
gestureclass,single_gestureclass,120.3739,10.2174
gestureclass,single_gestureclass,120.3811,12.6953
gestureclass,single_gestureclass,120.4429,10.8926
gestureclass,single_gestureclass,120.7371,11.7805
gestureclass,single_gestureclass,120.765,10.3371
gestureclass,single_gestureclass,120.8074,10.52
gestureclass,single_gestureclass,120.9101,11.2615
gestureclass,single_gestureclass,120.9135,17.4663
gestureclass,single_gestureclass,120.952,10.4072
gestureclass,single_gestureclass,121.0346,11.1387
gestureclass,single_gestureclass,121.0608,10.2446
gestureclass,single_gestureclass,121.1572,11.2147
gestureclass,single_gestureclass,121.3086,11.2748
gestureclass,single_gestureclass,121.3198,9.9816
gestureclass,single_gestureclass,121.4609,11.7719
gestureclass,single_gestureclass,121.6349,11.2817
gestureclass,single_gestureclass,121.6414,14.4372
gestureclass,single_gestureclass,121.6729,10.2992
gestureclass,single_gestureclass,121.7083,10.4549
gestureclass,single_gestureclass,121.8669,11.2746
gestureclass,single_gestureclass,122.4378,11.2567
gestureclass,single_gestureclass,122.4442,14.4706
gestureclass,single_gestureclass,122.4797,10.359
gestureclass,single_gestureclass,122.6413,11.271
gestureclass,single_gestureclass,122.6717,10.6792
gestureclass,single_gestureclass,122.7525,11.3244
gestureclass,single_gestureclass,122.7548,18.5981
gestureclass,single_gestureclass,122.7679,15.1587
gestureclass,single_gestureclass,122.7971,10.2844
gestureclass,single_gestureclass,123.0547,11.4844
gestureclass,single_gestureclass,123.0803,10.7005
gestureclass,single_gestureclass,123.0908,10.4005
gestureclass,single_gestureclass,123.2364,11.4436
gestureclass,single_gestureclass,123.356,11.5011
gestureclass,single_gestureclass,123.4186,11.3873
gestureclass,single_gestureclass,123.4731,10.9298
gestureclass,single_gestureclass,123.5301,10.9925
gestureclass,single_gestureclass,123.5452,10.2651
gestureclass,single_gestureclass,123.7737,11.5128
gestureclass,single_gestureclass,124.0055,11.3921
gestureclass,single_gestureclass,124.039,10.5994
gestureclass,single_gestureclass,124.1308,11.4679
gestureclass,single_gestureclass,124.6528,11.519
gestureclass,single_gestureclass,124.6684,10.1957
gestureclass,single_gestureclass,124.7347,11.5314
gestureclass,single_gestureclass,124.7843,11.2741
gestureclass,single_gestureclass,124.9197,11.3928
gestureclass,single_gestureclass,125.1854,11.333
gestureclass,single_gestureclass,125.2009,10.2477
gestureclass,single_gestureclass,125.2009,19.9246
gestureclass,single_gestureclass,125.359,11.3637
gestureclass,single_gestureclass,125.5025,11.2612
gestureclass,single_gestureclass,125.7271,11.2669
gestureclass,single_gestureclass,125.7305,17.6041
gestureclass,single_gestureclass,125.9284,11.2677
gestureclass,single_gestureclass,126.4032,11.6692
gestureclass,single_gestureclass,126.4219,10.0539
gestureclass,single_gestureclass,126.5802,11.3218
gestureclass,single_gestureclass,126.6066,10.2911
gestureclass,single_gestureclass,126.6098,16.8869
gestureclass,single_gestureclass,126.6219,14.5829
gestureclass,single_gestureclass,126.6261,20.2487
gestureclass,single_gestureclass,126.6364,19.7375
gestureclass,single_gestureclass,126.6782,10.4771
gestureclass,single_gestureclass,126.6908,10.0541
gestureclass,single_gestureclass,126.826,11.6272
gestureclass,single_gestureclass,126.8577,10.2708
gestureclass,single_gestureclass,126.9781,11.3122
gestureclass,single_gestureclass,127.0816,11.3099
gestureclass,single_gestureclass,127.1691,11.415
gestureclass,single_gestureclass,127.1705,19.768
gestureclass,single_gestureclass,127.2273,10.6611
gestureclass,single_gestureclass,127.3021,11.0273
gestureclass,single_gestureclass,127.5034,11.2979
gestureclass,single_gestureclass,127.6769,11.3349
gestureclass,single_gestureclass,127.8715,11.2534
gestureclass,single_gestureclass,127.9308,11.2994
gestureclass,single_gestureclass,127.9341,17.6079
gestureclass,single_gestureclass,127.9808,10.54
gestureclass,single_gestureclass,128.2597,11.1818
gestureclass,single_gestureclass,128.2739,10.0231
gestureclass,single_gestureclass,128.7034,11.2605
gestureclass,single_gestureclass,128.7388,10.4828
gestureclass,single_gestureclass,128.8554,11.2743
gestureclass,single_gestureclass,129.125,11.2641
gestureclass,single_gestureclass,129.1874,10.8411
gestureclass,single_gestureclass,129.3334,11.6587
gestureclass,single_gestureclass,129.4282,11.2333
gestureclass,single_gestureclass,129.5596,11.193
gestureclass,single_gestureclass,129.5999,10.623
gestureclass,single_gestureclass,129.7257,11.1957
gestureclass,single_gestureclass,129.7649,10.4918
gestureclass,single_gestureclass,129.7765,9.9833
gestureclass,single_gestureclass,129.7926,10.1407
gestureclass,single_gestureclass,130.012,11.3127
gestureclass,single_gestureclass,130.1565,11.2514
gestureclass,single_gestureclass,130.1738,10.5512
gestureclass,single_gestureclass,130.2725,11.2207
gestureclass,single_gestureclass,130.3468,11.0216
gestureclass,single_gestureclass,130.414,10.9191
gestureclass,single_gestureclass,130.5471,11.2374
gestureclass,single_gestureclass,130.6474,11.2948
gestureclass,single_gestureclass,130.6538,14.6174
gestureclass,single_gestureclass,130.6586,19.4733
gestureclass,single_gestureclass,130.8723,11.3328
gestureclass,single_gestureclass,130.9578,11.2681
gestureclass,single_gestureclass,130.9831,10.3278
gestureclass,single_gestureclass,130.9945,10.3889
gestureclass,single_gestureclass,131.0008,13.7911
gestureclass,single_gestureclass,131.1627,11.3091
gestureclass,single_gestureclass,131.3343,11.3065
gestureclass,single_gestureclass,131.6619,11.3866
gestureclass,single_gestureclass,131.7705,11.3318
gestureclass,single_gestureclass,131.932,11.3449
gestureclass,single_gestureclass,132.0886,11.2405
gestureclass,single_gestureclass,132.1229,10.519
gestureclass,single_gestureclass,132.3036,11.4374
gestureclass,single_gestureclass,132.314,10.9673
gestureclass,single_gestureclass,132.4662,11.313
gestureclass,single_gestureclass,132.4936,10.2444
gestureclass,single_gestureclass,132.593,11.2724
gestureclass,single_gestureclass,132.8075,11.2841
gestureclass,single_gestureclass,132.8289,10.0863
gestureclass,single_gestureclass,133.0102,11.272
gestureclass,single_gestureclass,133.0586,10.6485
gestureclass,single_gestureclass,133.4794,11.2197
gestureclass,single_gestureclass,133.5487,10.9797
gestureclass,single_gestureclass,133.5988,11.0826
gestureclass,single_gestureclass,133.6149,10.0811
gestureclass,single_gestureclass,133.9824,11.241
gestureclass,single_gestureclass,134.0218,10.4504
gestureclass,single_gestureclass,134.029,12.8632
gestureclass,single_gestureclass,134.069,10.5226
gestureclass,single_gestureclass,134.0896,10.1335
gestureclass,single_gestureclass,134.1238,10.4544
gestureclass,single_gestureclass,134.2714,11.2174
gestureclass,single_gestureclass,134.2788,13.5272
gestureclass,single_gestureclass,134.3124,10.3652
gestureclass,single_gestureclass,134.4319,11.6589
gestureclass,single_gestureclass,134.76,11.2436
gestureclass,single_gestureclass,134.8223,10.8528
gestureclass,single_gestureclass,134.8832,10.8461
gestureclass,single_gestureclass,135.0904,11.2107
gestureclass,single_gestureclass,135.3089,11.2534
gestureclass,single_gestureclass,135.3262,10.0586
gestureclass,single_gestureclass,135.3383,9.9695
gestureclass,single_gestureclass,135.3774,10.5133
gestureclass,single_gestureclass,135.4921,11.198
gestureclass,single_gestureclass,135.5764,11.5497
gestureclass,single_gestureclass,135.6,10.2255
gestureclass,single_gestureclass,135.6384,10.5875
gestureclass,single_gestureclass,135.699,10.7918
gestureclass,single_gestureclass,135.7169,10.1135
gestureclass,single_gestureclass,135.7581,10.4866
gestureclass,single_gestureclass,135.7767,10.1621
gestureclass,single_gestureclass,135.9,11.2565
gestureclass,single_gestureclass,135.9344,10.3438
gestureclass,single_gestureclass,135.9698,10.4272
gestureclass,single_gestureclass,136.1154,11.6434
gestureclass,single_gestureclass,136.2002,11.2469
gestureclass,single_gestureclass,136.4317,11.2395
gestureclass,single_gestureclass,136.6142,11.3506
gestureclass,single_gestureclass,136.8448,11.2822
gestureclass,single_gestureclass,136.8942,10.6525
gestureclass,single_gestureclass,136.9189,10.221
gestureclass,single_gestureclass,136.9902,10.9735
gestureclass,single_gestureclass,137.0153,10.1964
gestureclass,single_gestureclass,137.1477,11.2391
gestureclass,single_gestureclass,137.3421,11.2317
gestureclass,single_gestureclass,137.3654,10.5476
gestureclass,single_gestureclass,138.0067,11.323
gestureclass,single_gestureclass,138.0912,11.3583
gestureclass,single_gestureclass,138.1015,10.6764
gestureclass,single_gestureclass,138.1036,18.2538
gestureclass,single_gestureclass,138.1153,16.1526
gestureclass,single_gestureclass,138.1365,10.1488
gestureclass,single_gestureclass,138.2548,11.2841
gestureclass,single_gestureclass,138.2982,10.5572
gestureclass,single_gestureclass,138.3198,10.2463
gestureclass,single_gestureclass,138.4222,11.7357
gestureclass,single_gestureclass,138.465,10.5455
gestureclass,single_gestureclass,138.5207,10.7801
gestureclass,single_gestureclass,138.5365,10.0782
gestureclass,single_gestureclass,138.6227,11.2352
gestureclass,single_gestureclass,138.8142,11.2946
gestureclass,single_gestureclass,138.9977,11.2298
gestureclass,single_gestureclass,139.0051,13.4473
gestureclass,single_gestureclass,139.016,12.1558
gestureclass,single_gestureclass,139.0473,10.3688
gestureclass,single_gestureclass,139.2379,11.6696
gestureclass,single_gestureclass,139.2816,10.576
gestureclass,single_gestureclass,139.2849,16.856
gestureclass,single_gestureclass,139.3128,10.2251
gestureclass,single_gestureclass,139.4783,11.3382
gestureclass,single_gestureclass,139.838,11.2948
gestureclass,single_gestureclass,139.8614,10.2434
gestureclass,single_gestureclass,139.9247,10.8669
gestureclass,single_gestureclass,139.9331,12.1868
gestureclass,single_gestureclass,139.9593,10.2518
gestureclass,single_gestureclass,140.0317,11.0171
gestureclass,single_gestureclass,140.262,11.6718
gestureclass,single_gestureclass,140.3118,10.5524
gestureclass,single_gestureclass,140.5726,11.2576
gestureclass,single_gestureclass,140.6,10.289
gestureclass,single_gestureclass,140.6714,10.9417
gestureclass,single_gestureclass,140.6874,10.0894
gestureclass,single_gestureclass,140.7996,11.2309
gestureclass,single_gestureclass,141.0141,11.3306
gestureclass,single_gestureclass,141.0546,10.4885
gestureclass,single_gestureclass,141.1492,11.2319
gestureclass,single_gestureclass,141.2916,11.6556
gestureclass,single_gestureclass,141.4174,11.3461
gestureclass,single_gestureclass,141.4429,10.2952
gestureclass,single_gestureclass,141.4672,10.2589
gestureclass,single_gestureclass,141.5816,11.2941
gestureclass,single_gestureclass,141.598,10.1371
gestureclass,single_gestureclass,141.7494,11.2429
gestureclass,single_gestureclass,141.7927,10.5035
gestureclass,single_gestureclass,141.8533,10.9043
gestureclass,single_gestureclass,142.0545,11.5349
gestureclass,single_gestureclass,142.0649,11.1077
gestureclass,single_gestureclass,142.1541,11.2767
gestureclass,single_gestureclass,142.2095,10.8025
gestureclass,single_gestureclass,142.2128,17.0896
gestureclass,single_gestureclass,142.231,10.0682
gestureclass,single_gestureclass,142.2601,10.401
gestureclass,single_gestureclass,142.5529,11.3657
gestureclass,single_gestureclass,142.7124,11.2832
gestureclass,single_gestureclass,142.7958,11.2062
gestureclass,single_gestureclass,142.8032,13.4451
gestureclass,single_gestureclass,142.8978,11.2956
gestureclass,single_gestureclass,143.0223,11.7488
gestureclass,single_gestureclass,143.0481,10.2708
gestureclass,single_gestureclass,143.1465,11.2748
gestureclass,single_gestureclass,143.1509,16.5546
gestureclass,single_gestureclass,143.1673,10.0255
gestureclass,single_gestureclass,143.1726,14.3898
gestureclass,single_gestureclass,143.5374,11.2693
gestureclass,single_gestureclass,143.6248,11.2503
gestureclass,single_gestureclass,143.9114,11.2722
gestureclass,single_gestureclass,143.9337,10.2601
gestureclass,single_gestureclass,144.0701,11.7095
gestureclass,single_gestureclass,144.0849,10.0455
gestureclass,single_gestureclass,144.1331,10.6821
gestureclass,single_gestureclass,144.1628,10.3159
gestureclass,single_gestureclass,144.2473,11.1976
gestureclass,single_gestureclass,144.4227,11.271
gestureclass,single_gestureclass,144.5091,11.3132
gestureclass,single_gestureclass,144.7417,11.3051
gestureclass,single_gestureclass,144.9503,11.2982
gestureclass,single_gestureclass,144.9786,10.3269
gestureclass,single_gestureclass,145.0641,11.7002
gestureclass,single_gestureclass,145.1379,11.0044
gestureclass,single_gestureclass,145.193,10.751
gestureclass,single_gestureclass,145.2033,10.2129
gestureclass,single_gestureclass,145.2536,10.6461
gestureclass,single_gestureclass,145.2713,10.1197
gestureclass,single_gestureclass,145.2825,9.9924
gestureclass,single_gestureclass,145.3356,10.6883
gestureclass,single_gestureclass,145.5155,11.2519
gestureclass,single_gestureclass,145.5388,10.2293
gestureclass,single_gestureclass,145.5692,10.2949
gestureclass,single_gestureclass,145.5915,10.565
gestureclass,single_gestureclass,145.8184,11.2169
gestureclass,single_gestureclass,145.9228,11.21
gestureclass,single_gestureclass,145.9871,10.8712
gestureclass,single_gestureclass,146.033,10.6137
gestureclass,single_gestureclass,146.0607,10.2959
gestureclass,single_gestureclass,146.2302,11.3077
gestureclass,single_gestureclass,146.2996,10.9673
gestureclass,single_gestureclass,146.3347,10.4032
gestureclass,single_gestureclass,146.4102,11.034
gestureclass,single_gestureclass,146.4273,10.4322
gestureclass,single_gestureclass,146.5079,11.0791
gestureclass,single_gestureclass,146.54,10.4215
gestureclass,single_gestureclass,146.7547,11.2188
gestureclass,single_gestureclass,146.8621,11.214
gestureclass,single_gestureclass,147.0695,11.2195
gestureclass,single_gestureclass,147.1819,11.2009
gestureclass,single_gestureclass,147.2893,11.297
gestureclass,single_gestureclass,147.3167,10.3109
gestureclass,single_gestureclass,147.4571,11.4357
gestureclass,single_gestureclass,147.4676,11.0254
gestureclass,single_gestureclass,147.4727,15.5303
gestureclass,single_gestureclass,147.5123,10.4437
gestureclass,single_gestureclass,147.6769,11.3089
gestureclass,single_gestureclass,147.7464,10.9878
gestureclass,single_gestureclass,147.8675,11.2762
gestureclass,single_gestureclass,147.9249,10.8383
gestureclass,single_gestureclass,148.1139,11.2143
gestureclass,single_gestureclass,148.1703,10.8356
gestureclass,single_gestureclass,148.2412,11.018
gestureclass,single_gestureclass,148.3474,11.6575
gestureclass,single_gestureclass,148.3621,10.011
gestureclass,single_gestureclass,148.4142,10.7934
gestureclass,single_gestureclass,148.4361,10.2017
gestureclass,single_gestureclass,148.5555,11.4727
gestureclass,single_gestureclass,148.5569,19.773
gestureclass,single_gestureclass,148.5631,23.2453
gestureclass,single_gestureclass,148.6464,11.0075
gestureclass,single_gestureclass,148.6845,10.4663
gestureclass,single_gestureclass,148.7681,11.1847
gestureclass,single_gestureclass,148.7745,14.3518
gestureclass,single_gestureclass,148.861,11.6549
gestureclass,single_gestureclass,148.9257,10.8659
gestureclass,single_gestureclass,149.1078,11.2641
gestureclass,single_gestureclass,149.1502,10.608
gestureclass,single_gestureclass,149.1639,10.1459
gestureclass,single_gestureclass,149.3102,11.2779
gestureclass,single_gestureclass,149.3176,13.5381
gestureclass,single_gestureclass,149.4393,11.2965
gestureclass,single_gestureclass,149.6739,11.2691
gestureclass,single_gestureclass,149.7933,11.3854
gestureclass,single_gestureclass,149.8037,10.9601
gestureclass,single_gestureclass,149.8218,10.1399
gestureclass,single_gestureclass,149.898,11.0381
gestureclass,single_gestureclass,149.9044,14.3137
gestureclass,single_gestureclass,149.9758,10.8914
gestureclass,single_gestureclass,150.0358,10.8352
gestureclass,single_gestureclass,150.1187,11.1434
gestureclass,single_gestureclass,150.1409,10.1328
gestureclass,single_gestureclass,150.1561,10.0672
gestureclass,single_gestureclass,150.1614,14.5295
gestureclass,single_gestureclass,150.213,10.9751
gestureclass,single_gestureclass,150.257,10.6137
gestureclass,single_gestureclass,150.3448,11.2138
gestureclass,single_gestureclass,150.3641,10.1762
gestureclass,single_gestureclass,150.3693,14.5853
gestureclass,single_gestureclass,150.49,11.3025
gestureclass,single_gestureclass,150.5044,10.0856
gestureclass,single_gestureclass,150.6988,11.2257
gestureclass,single_gestureclass,150.7241,10.1817
gestureclass,single_gestureclass,150.7363,10.0501
gestureclass,single_gestureclass,151.0387,11.2269
gestureclass,single_gestureclass,151.3062,11.673
gestureclass,single_gestureclass,151.4701,11.2562
gestureclass,single_gestureclass,151.6015,11.1957
gestureclass,single_gestureclass,151.6939,11.1954
gestureclass,single_gestureclass,151.7271,10.3219
gestureclass,single_gestureclass,151.8166,11.3182
gestureclass,single_gestureclass,151.8166,20.9458
gestureclass,single_gestureclass,151.9978,11.2474
gestureclass,single_gestureclass,152.3824,11.2178
gestureclass,single_gestureclass,152.5539,11.4357
gestureclass,single_gestureclass,152.5552,20.0458
gestureclass,single_gestureclass,152.5824,10.1063
gestureclass,single_gestureclass,152.6095,10.3507
gestureclass,single_gestureclass,152.7,11.2307
gestureclass,single_gestureclass,153.0997,11.2934
gestureclass,single_gestureclass,153.1131,10.0794
gestureclass,single_gestureclass,153.2223,11.2243
gestureclass,single_gestureclass,153.4879,11.4222
gestureclass,single_gestureclass,153.4982,10.6366
gestureclass,single_gestureclass,153.574,11.0753
gestureclass,single_gestureclass,153.6081,10.8454
gestureclass,single_gestureclass,153.6341,10.2842
gestureclass,single_gestureclass,153.7235,11.2286
gestureclass,single_gestureclass,153.7748,10.6874
gestureclass,single_gestureclass,153.8546,11.122
gestureclass,single_gestureclass,153.9679,11.2202
gestureclass,single_gestureclass,154.0322,10.9174
gestureclass,single_gestureclass,154.2524,11.1916
gestureclass,single_gestureclass,154.4648,11.2331
gestureclass,single_gestureclass,154.9676,11.2214
gestureclass,single_gestureclass,155.3032,11.3115
gestureclass,single_gestureclass,155.5098,11.6982
gestureclass,single_gestureclass,155.5596,10.689
gestureclass,single_gestureclass,155.7996,11.3304
gestureclass,single_gestureclass,155.843,10.5495
gestureclass,single_gestureclass,155.9357,11.2665
gestureclass,single_gestureclass,156.2753,11.3089
gestureclass,single_gestureclass,156.3237,10.6444
gestureclass,single_gestureclass,156.3965,11.0996
gestureclass,single_gestureclass,156.4317,10.4213
gestureclass,single_gestureclass,156.7034,11.2722
gestureclass,single_gestureclass,156.8259,11.7199
gestureclass,single_gestureclass,156.9007,11.1203
gestureclass,single_gestureclass,156.9219,10.2003
gestureclass,single_gestureclass,156.9962,11.1463
gestureclass,single_gestureclass,157.2567,11.2555
gestureclass,single_gestureclass,157.4181,11.3039
gestureclass,single_gestureclass,157.5396,11.3235
gestureclass,single_gestureclass,157.556,10.1607
gestureclass,single_gestureclass,157.6413,11.2269
gestureclass,single_gestureclass,157.6746,10.4141
gestureclass,single_gestureclass,157.8252,11.6434
gestureclass,single_gestureclass,157.9601,11.2348
gestureclass,single_gestureclass,158.2276,11.2135
gestureclass,single_gestureclass,158.4061,11.2319
gestureclass,single_gestureclass,158.5425,11.188
gestureclass,single_gestureclass,158.5787,10.4148
gestureclass,single_gestureclass,158.7384,11.255
gestureclass,single_gestureclass,158.7887,10.6103
gestureclass,single_gestureclass,158.9486,11.2066
gestureclass,single_gestureclass,159.168,11.3926
gestureclass,single_gestureclass,159.1784,10.6041
gestureclass,single_gestureclass,159.1911,10.3834
gestureclass,single_gestureclass,159.3586,11.2345
gestureclass,single_gestureclass,159.373,10.0007
gestureclass,single_gestureclass,159.436,10.9274
gestureclass,single_gestureclass,159.5932,11.2841
gestureclass,single_gestureclass,159.6185,10.2279
gestureclass,single_gestureclass,159.7129,11.3263
gestureclass,single_gestureclass,159.8444,11.3442
gestureclass,single_gestureclass,159.9289,11.2019
gestureclass,single_gestureclass,160.0602,11.271
gestureclass,single_gestureclass,160.0656,15.8701
gestureclass,single_gestureclass,160.0926,10.2162
gestureclass,single_gestureclass,160.0958,16.5594
gestureclass,single_gestureclass,160.1665,10.9742
gestureclass,single_gestureclass,160.3016,11.3862
gestureclass,single_gestureclass,160.3351,10.4814
gestureclass,single_gestureclass,160.4087,11.0765
gestureclass,single_gestureclass,160.4339,10.2868
gestureclass,single_gestureclass,160.4773,10.5486
gestureclass,single_gestureclass,160.5529,11.0359
gestureclass,single_gestureclass,160.7542,11.682
gestureclass,single_gestureclass,160.798,10.5083
gestureclass,single_gestureclass,160.8416,10.6208
gestureclass,single_gestureclass,160.8469,14.9884
gestureclass,single_gestureclass,160.966,11.3168
gestureclass,single_gestureclass,161.0145,10.8693
gestureclass,single_gestureclass,161.0157,19.2313
gestureclass,single_gestureclass,161.5115,11.3132
gestureclass,single_gestureclass,161.8552,11.3144
gestureclass,single_gestureclass,162.1119,11.2433
gestureclass,single_gestureclass,162.2163,11.2636
gestureclass,single_gestureclass,162.4318,11.7378
gestureclass,single_gestureclass,162.5937,11.246
gestureclass,single_gestureclass,162.8844,11.2641
gestureclass,single_gestureclass,162.9487,10.8957
gestureclass,single_gestureclass,162.9967,10.5867
gestureclass,single_gestureclass,163.0194,10.3068
gestureclass,single_gestureclass,163.0296,10.0505
gestureclass,single_gestureclass,163.0617,10.3238
gestureclass,single_gestureclass,163.2172,11.2281
gestureclass,single_gestureclass,163.4257,11.2529
gestureclass,single_gestureclass,163.5472,11.6169
gestureclass,single_gestureclass,163.5879,10.4291
gestureclass,single_gestureclass,163.6814,11.2088
gestureclass,single_gestureclass,163.7708,11.2486
gestureclass,single_gestureclass,163.8792,11.4684
gestureclass,single_gestureclass,163.8806,19.6795
gestureclass,single_gestureclass,163.9223,10.3931
gestureclass,single_gestureclass,163.9968,11.0326
gestureclass,single_gestureclass,164.1741,11.2448
gestureclass,single_gestureclass,164.2735,11.2467
gestureclass,single_gestureclass,164.2948,10.6168
gestureclass,single_gestureclass,164.4716,11.2481
gestureclass,single_gestureclass,164.4869,10.0567
gestureclass,single_gestureclass,164.5181,10.3383
gestureclass,single_gestureclass,164.5735,10.7489
gestureclass,single_gestureclass,164.5883,10.0448
gestureclass,single_gestureclass,164.7436,11.2374
gestureclass,single_gestureclass,164.7559,9.9943
gestureclass,single_gestureclass,164.845,11.1973
gestureclass,single_gestureclass,164.9443,11.2679
gestureclass,single_gestureclass,164.9587,10.1085
gestureclass,single_gestureclass,164.9959,10.8483
gestureclass,single_gestureclass,165.0308,10.4132
gestureclass,single_gestureclass,165.0883,10.7713
gestureclass,single_gestureclass,165.2132,11.4732
gestureclass,single_gestureclass,165.2146,19.6481
gestureclass,single_gestureclass,165.3575,11.2774
gestureclass,single_gestureclass,165.3638,14.6062
gestureclass,single_gestureclass,165.4996,11.2903
gestureclass,single_gestureclass,165.6311,11.2679
gestureclass,single_gestureclass,165.6434,10.0596
gestureclass,single_gestureclass,165.6806,10.8237
gestureclass,single_gestureclass,165.7675,11.1771
gestureclass,single_gestureclass,165.8258,10.8573
gestureclass,single_gestureclass,165.8517,10.2408
gestureclass,single_gestureclass,165.8761,10.3385
gestureclass,single_gestureclass,165.9415,10.8526
gestureclass,single_gestureclass,165.9554,10.0527
gestureclass,single_gestureclass,165.9976,10.5796
gestureclass,single_gestureclass,166.1324,11.2655
gestureclass,single_gestureclass,166.3279,11.2343
gestureclass,single_gestureclass,166.3932,11.3416
gestureclass,single_gestureclass,166.4477,10.7329
gestureclass,single_gestureclass,166.6827,11.2138
gestureclass,single_gestureclass,167.2135,11.2374
gestureclass,single_gestureclass,167.2718,10.7272
gestureclass,single_gestureclass,167.3146,10.5762
gestureclass,single_gestureclass,167.3303,10.0961
gestureclass,single_gestureclass,167.3525,10.1614
gestureclass,single_gestureclass,167.5188,11.2467
gestureclass,single_gestureclass,167.6032,11.1706
gestureclass,single_gestureclass,167.6885,11.1568
gestureclass,single_gestureclass,167.7017,10.4077
gestureclass,single_gestureclass,167.7562,10.7651
gestureclass,single_gestureclass,167.7771,10.1364
gestureclass,single_gestureclass,167.9974,11.2469
gestureclass,single_gestureclass,168.0097,10.0145
gestureclass,single_gestureclass,168.1209,11.2379
gestureclass,single_gestureclass,168.1672,10.5984
gestureclass,single_gestureclass,168.4571,11.2519
gestureclass,single_gestureclass,168.7317,11.2743
gestureclass,single_gestureclass,168.9522,11.322
gestureclass,single_gestureclass,169.0687,11.8396
gestureclass,single_gestureclass,169.1387,10.9901
gestureclass,single_gestureclass,169.2008,10.8886
gestureclass,single_gestureclass,169.3288,11.3146
gestureclass,single_gestureclass,169.3502,10.2015
gestureclass,single_gestureclass,169.3645,10.0741
gestureclass,single_gestureclass,169.3887,10.2725
gestureclass,single_gestureclass,169.3909,17.7033
gestureclass,single_gestureclass,169.5628,11.3122
gestureclass,single_gestureclass,169.6963,11.2879
gestureclass,single_gestureclass,169.7987,11.8806
gestureclass,single_gestureclass,169.7987,21.4365
gestureclass,single_gestureclass,169.9484,11.2011
gestureclass,single_gestureclass,170.1358,11.251
gestureclass,single_gestureclass,170.2192,11.2109
gestureclass,single_gestureclass,170.3776,11.3013
gestureclass,single_gestureclass,170.4901,11.3218
gestureclass,single_gestureclass,170.5425,10.6728
gestureclass,single_gestureclass,170.6213,11.1372
gestureclass,single_gestureclass,170.8877,11.2929
gestureclass,single_gestureclass,171.1484,11.7674
gestureclass,single_gestureclass,171.1597,10.1218
gestureclass,single_gestureclass,171.4252,11.2789
gestureclass,single_gestureclass,171.5056,11.0917
gestureclass,single_gestureclass,171.5267,10.1557
gestureclass,single_gestureclass,171.538,10.0112
gestureclass,single_gestureclass,171.5701,10.3834
gestureclass,single_gestureclass,171.6696,11.3871
gestureclass,single_gestureclass,171.6719,18.6415
gestureclass,single_gestureclass,171.7417,10.8776
gestureclass,single_gestureclass,171.749,13.2058
gestureclass,single_gestureclass,171.8574,11.7862
gestureclass,single_gestureclass,171.9653,11.2765
gestureclass,single_gestureclass,172.1228,11.2801
gestureclass,single_gestureclass,172.1532,10.3388
gestureclass,single_gestureclass,172.2737,11.2507
gestureclass,single_gestureclass,172.2801,14.5855
gestureclass,single_gestureclass,172.2967,10.0341
gestureclass,single_gestureclass,172.4009,11.2083
gestureclass,single_gestureclass,172.6244,11.2696
gestureclass,single_gestureclass,172.8439,11.4274
gestureclass,single_gestureclass,172.844,21.4226
gestureclass,single_gestureclass,173.0647,11.471
gestureclass,single_gestureclass,173.075,10.7491
gestureclass,single_gestureclass,173.1319,10.8132
gestureclass,single_gestureclass,173.1728,10.4897
gestureclass,single_gestureclass,173.2524,11.1213
gestureclass,single_gestureclass,173.3947,11.2338
gestureclass,single_gestureclass,173.423,10.2465
gestureclass,single_gestureclass,173.4984,11.2524
gestureclass,single_gestureclass,173.5087,10.5264
gestureclass,single_gestureclass,173.5363,10.7558
gestureclass,single_gestureclass,173.9906,11.2638
gestureclass,single_gestureclass,174.109,11.2438
gestureclass,single_gestureclass,174.1543,10.5214
gestureclass,single_gestureclass,174.3791,11.2572
gestureclass,single_gestureclass,174.5776,11.2166
gestureclass,single_gestureclass,174.586,12.4948
gestureclass,single_gestureclass,174.6876,11.3478
gestureclass,single_gestureclass,174.7091,10.2148
gestureclass,single_gestureclass,174.8895,11.2352
gestureclass,single_gestureclass,174.8939,16.4659
gestureclass,single_gestureclass,174.9835,11.5898
gestureclass,single_gestureclass,175.0862,11.1732
gestureclass,single_gestureclass,175.1775,11.22
gestureclass,single_gestureclass,175.4591,11.3335
gestureclass,single_gestureclass,175.5826,11.2469
gestureclass,single_gestureclass,175.668,11.1914
gestureclass,single_gestureclass,175.8064,11.2855
gestureclass,single_gestureclass,176.088,11.4152
gestureclass,single_gestureclass,176.0894,19.5782
gestureclass,single_gestureclass,176.4554,11.2808
gestureclass,single_gestureclass,176.5548,11.693
gestureclass,single_gestureclass,176.7447,11.2309
gestureclass,single_gestureclass,176.9192,11.2329
gestureclass,single_gestureclass,177.0206,11.2114
gestureclass,single_gestureclass,177.2411,11.2967
gestureclass,single_gestureclass,177.4847,11.4529
gestureclass,single_gestureclass,177.487,18.6005
gestureclass,single_gestureclass,177.6518,11.2832
gestureclass,single_gestureclass,177.7963,11.276
gestureclass,single_gestureclass,177.8957,11.286
gestureclass,single_gestureclass,178.0973,11.6205
gestureclass,single_gestureclass,178.1006,17.7991
gestureclass,single_gestureclass,178.113,15.0774
gestureclass,single_gestureclass,178.1311,10.0663
gestureclass,single_gestureclass,178.3104,11.3144
gestureclass,single_gestureclass,178.575,11.2641
gestureclass,single_gestureclass,178.5835,12.419
gestureclass,single_gestureclass,178.8532,11.3094
gestureclass,single_gestureclass,179.1308,11.2731
gestureclass,single_gestureclass,179.2042,11.0202
gestureclass,single_gestureclass,179.3364,11.7612
gestureclass,single_gestureclass,179.4734,11.2786
gestureclass,single_gestureclass,179.6118,11.3115
gestureclass,single_gestureclass,179.6632,10.8931
gestureclass,single_gestureclass,179.6696,14.2291
